pallet_code,asin,precio_amazon
MP0603,B009S750LA,39.99
MP0603,B00FGKH6CO,41.43
MP0603,B088BN69HM,32.90
MP0603,B08V5HTT5B,42.99
MP0603,B09H5SY7LP,39.32
MP0603,B09JG5YB35,45.99
MP0603,B09JG5YB35,45.99
MP0603,B0B9BWT9SJ,36.84
MP0603,B0BWV7RTZT,37.99
MP0603,B0BXQT9FV8,39.95
MP0603,B0BXQT9FV8,39.95
MP0603,B0BXQT9FV8,39.95
MP0603,B0BXQT9FV8,39.95
MP0603,B0BXQT9FV8,39.95
MP0603,B0BXQT9FV8,39.95
MP0603,B0BZ7TZXPS,26.59
MP0603,B0BZ7TZXPS,26.59
MP0603,B0BZ7TZXPS,26.59
MP0603,B0BZ7TZXPS,26.59
MP0603,B0BZ7TZXPS,26.59
MP0603,B0BZ7ZXNN7,35.99
MP0603,B0BZ7ZXNN7,35.99
MP0603,B0BZ7ZXNN7,35.99
MP0603,B0BZ7ZXNN7,35.99
MP0603,B0BZ7ZXNN7,35.99
MP0603,B0C5R6K7PZ,61.99
MP0603,B0C8D6NSB2,89.99
MP0603,B0CQJT3HJ5,39.99
MP0603,B0CQJT3HJ5,39.99
MP0603,B0CQJT3HJ5,39.99
MP0603,B0CQNLSN95,137.92
MP0603,B0CQXQTHHY,45.99
MP0603,B0CQXQTHHY,45.99
MP0603,B0CQXQTHHY,45.99
MP0603,B0CQXQTHHY,45.99
MP0603,B0CQXQTHHY,45.99
MP0603,B0CQXQTHHY,45.99
MP0603,B0CXXG1X5W,31.99
MP0603,B0D1V2BDXM,59.99
MP0603,B0D3X8MM1B,31.98
MP0603,B0D3XD8LG8,34.89
MP0603,B0D3XFG9BY,39.98
MP0603,B0D5LS9KLJ,32.48
MP0603,B0D8B1BJ3N,29.99
MP0603,B0DBHNRN4X,75.99
MP0603,B0DBZFDYZP,30.85
MP0603,B0DBZFDYZP,30.85
MP0603,B0DBZFDYZP,30.85
MP0603,B0DGTCSNV5,29.99
MP0603,B0DJSN697Q,39.99
MP0603,B0DL56TRLP,99.99
MP0603,B0DPFVYJCM,89.99
MP0603,B0DR2HZM3H,44.99
MP0603,B0DRWDZQHV,31.99
MP0603,B0DRWDZQHV,31.99
MP0603,B0DRWDZQHV,31.99
MP0603,B0DV487492,39.99
MP0603,B0DW8ZTFW8,44.99
MP0603,B0F2MXL618,47.49
MP0603,B0F2MXL618,47.49
MP0603,B0F2T9Y133,62.29
MP0603,B0F43SR3ZC,33.61
MP0603,B0F43SR3ZC,33.61
MP0603,B0FDVXJ2ZJ,29.90
MP0622,B01H4U9VS0,37.45
MP0622,B01H4U9WZC,43.95
MP0622,B07KCWZSTF,35.95
MP0622,B07LCY3NVK,34.99
MP0622,B07NK95MD3,44.95
MP0622,B07PZKLNZ9,43.95
MP0622,B07VC94W9J,28.89
MP0622,B0836D752W,31.95
MP0622,B089CJ2YBT,29.99
MP0622,B089CJ2YBT,29.99
MP0622,B089CJ2YBT,29.99
MP0622,B089CJCM24,35.99
MP0622,B089CJCM24,35.99
MP0622,B089CKPQQT,42.99
MP0622,B089CLB9CM,45.01
MP0622,B089CPS73J,39.99
MP0622,B089CVY8CG,28.49
MP0622,B089D1QFXC,39.99
MP0622,B08P2YM5BV,34.99
MP0622,B08P313W5L,33.99
MP0622,B08P715QRP,30.99
MP0622,B08P75PJK5,33.89
MP0622,B08PBHCWWV,34.99
MP0622,B08PKLWH7N,38.99
MP0622,B08R9WBQ2G,45.95
MP0622,B08RHX3BMY,38.95
MP0622,B08RJ35V43,36.95
MP0622,B08XX9W6Q3,48.95
MP0622,B08Z3TB9DX,33.49
MP0622,B096YZZGP1,29.44
MP0622,B09L4G4TPK,36.95
MP0622,B09L5VHTJG,45.95
MP0622,B09L5WXNMW,53.95
MP0622,B09LTM7FL6,33.96
MP0622,B09VY6FX27,41.95
MP0622,B09VYN9DGT,48.41
MP0622,B09X4FBM85,38.95
MP0622,B09YHCJL9L,45.99
MP0622,B09YY77XFM,45.49
MP0622,B09YY77XFM,45.49
MP0622,B09YY846HG,37.99
MP0622,B09YY846HG,37.99
MP0622,B09YY8GXYZ,43.49
MP0622,B09YY9DHDL,30.99
MP0622,B09YY9TF5X,45.99
MP0622,B09Z28MLQ7,31.49
MP0622,B0BNVFZYVH,37.95
MP0622,B0BW98W53D,25.99
MP0622,B0BWXRR7QQ,43.99
MP0622,B0BXX2JVL2,25.99
MP0622,B0BYNJ5SGV,47.95
MP0622,B0BZD5KBPG,34.15
MP0622,B0C27J7DNX,31.49
MP0622,B0C4DNX5JK,35.95
MP0622,B0C7LGWMQ2,37.39
MP0622,B0C7LGWMQ2,37.39
MP0622,B0C89S6YWC,35.95
MP0622,B0C89SC1XL,33.95
MP0622,B0CL3TT6RT,50.95
MP0622,B0CL3VCL26,43.95
MP0622,B0CL3VJWY2,50.95
MP0622,B0CL3VJWY2,50.95
MP0622,B0CL3WCTM2,42.95
MP0622,B0CL3WNLLQ,44.95
MP0622,B0CL3XDLFF,47.95
MP0622,B0CL756D44,34.49
MP0622,B0CLJ559PV,43.99
MP0622,B0CLJ6KBYM,42.99
MP0622,B0CLYGL9L3,46.95
MP0622,B0CMHR6P4X,49.95
MP0622,B0CMHR6P4X,49.95
MP0622,B0CMHR6P4X,49.95
MP0622,B0CMHVHY62,35.95
MP0622,B0CMPWBY7K,56.95
MP0622,B0CMX4T98R,30.35
MP0622,B0CNKDDTZC,33.10
MP0622,B0CNKDDTZC,33.10
MP0622,B0CNKDYSKW,35.95
MP0622,B0CNP2NMD4,39.95
MP0622,B0CQ3HM4V1,35.95
MP0622,B0CQ3HNP2F,35.95
MP0622,B0CQ3N2KMM,38.95
MP0622,B0CQ3SJ35C,37.95
MP0622,B0CQ3ZG1V1,35.96
MP0622,B0CQ3ZG1V1,35.96
MP0622,B0CQYN6NJ1,45.19
MP0622,B0CRTN6SZT,38.99
MP0622,B0CT2VBDMV,33.99
MP0622,B0CT85RNG2,39.99
MP0622,B0CWP1H983,39.05
MP0622,B0CYZY9FL4,36.99
MP0622,B0D2RP394F,25.00
MP0622,B0DG1NRXRC,42.95
MP0622,B0DG1NRXRC,42.95
MP0622,B0DG1NRXRC,42.95
MP0622,B0DG1NRXRC,42.95
MP0622,B0DG22GHSM,35.06
MP0622,B0DHNXT885,32.99
MP0631,B0DPQB37C8,54.99
MP0631,B0DPQCZ1BQ,79.99
MP0631,B0DPQCZ1BQ,79.99
MP0631,B0DPQCZ1BQ,79.99
MP0631,B0DPQCZ1BQ,79.99
MP0631,B0DPQCZ1BQ,79.99
MP0631,B0DPQCZ1BQ,79.99
MP0631,B0DPQCZ1BQ,79.99
MP0631,B0DPQCZ1BQ,79.99
MP0631,B0DPQCZ1BQ,79.99
MP0631,B0DPQCZ1BQ,79.99
MP0631,B0DPQCZ1BQ,79.99
MP0631,B0DPQCZ1BQ,79.99
MP0631,B0DPQCZ1BQ,79.99
MP0631,B0DPQCZ1BQ,79.99
MP0631,B0DPQCZ1BQ,79.99
MP0631,B0DPQCZ1BQ,79.99
MP0631,B0DPQCZ1BQ,79.99
MP0631,B0DPQCZ1BQ,79.99
MP0631,B0DPQCZ1BQ,79.99
MP0631,B0DPQCZ1BQ,79.99
MP0631,B0DPQCZ1BQ,79.99
MP0631,B0DPQCZ1BQ,79.99
MP0631,B0DPQCZ1BQ,79.99
MP0631,B0DPQCZ1BQ,79.99
MP0631,B0DPQCZ1BQ,79.99
MP0631,B0DPQCZ1BQ,79.99
MP0631,B0DPQCZ1BQ,79.99
MP0631,B0DPQCZ1BQ,79.99
MP0631,B0DPQCZ1BQ,79.99
MP0661,B07FP2VK8N,40.99
MP0661,B07FP96XMS,45.99
MP0661,B07K9SHGZZ,42.81
MP0661,B07S522LKY,45.99
MP0661,B082LRFJBL,35.99
MP0661,B083FFSCMT,37.99
MP0661,B083G2GBD3,139.99
MP0661,B086W6B7CF,32.49
MP0661,B087V12K7T,36.54
MP0661,B096YBJ2NM,26.99
MP0661,B0B2RB5NKR,56.51
MP0661,B0BJ72R235,39.99
MP0661,B0BP4GV1TM,39.97
MP0661,B0BP4GV1TM,39.97
MP0661,B0BP9XQWNP,31.99
MP0661,B0BZW6FLZG,65.99
MP0661,B0C1Z81WF3,37.99
MP0661,B0C1Z81WF3,37.99
MP0661,B0C1Z81WF3,37.99
MP0661,B0C1Z81WF3,37.99
MP0661,B0C1Z81WF3,37.99
MP0661,B0C1Z81WF3,37.99
MP0661,B0C1Z81WF3,37.99
MP0661,B0C1Z81WF3,37.99
MP0661,B0C1Z81WF3,37.99
MP0661,B0C1Z81WF3,37.99
MP0661,B0C1Z81WF3,37.99
MP0661,B0C1Z81WF3,37.99
MP0661,B0C1Z81WF3,37.99
MP0661,B0C1Z81WF3,37.99
MP0661,B0C1Z81WF3,37.99
MP0661,B0C1Z81WF3,37.99
MP0661,B0C1Z81WF3,37.99
MP0661,B0C1Z81WF3,37.99
MP0661,B0C1Z81WF3,37.99
MP0661,B0C1Z81WF3,37.99
MP0661,B0C1Z81WF3,37.99
MP0661,B0C1Z81WF3,37.99
MP0661,B0C1Z81WF3,37.99
MP0661,B0C1Z81WF3,37.99
MP0661,B0C1Z81WF3,37.99
MP0661,B0C1Z81WF3,37.99
MP0661,B0C1Z81WF3,37.99
MP0661,B0C1Z81WF3,37.99
MP0661,B0C1Z81WF3,37.99
MP0661,B0C1Z81WF3,37.99
MP0661,B0C1Z81WF3,37.99
MP0661,B0C1Z81WF3,37.99
MP0661,B0C1Z81WF3,37.99
MP0661,B0C1Z81WF3,37.99
MP0661,B0C1Z81WF3,37.99
MP0661,B0C1Z81WF3,37.99
MP0661,B0C1Z81WF3,37.99
MP0661,B0C1Z81WF3,37.99
MP0661,B0C1Z81WF3,37.99
MP0661,B0C1Z81WF3,37.99
MP0661,B0C1Z81WF3,37.99
MP0661,B0C1Z81WF3,37.99
MP0661,B0C1Z81WF3,37.99
MP0661,B0C1Z81WF3,37.99
MP0661,B0C1Z81WF3,37.99
MP0661,B0C1Z81WF3,37.99
MP0661,B0C1Z81WF3,37.99
MP0661,B0C5JBFMX3,27.72
MP0661,B0C9D1HC82,39.99
MP0661,B0C9D1HC82,39.99
MP0661,B0C9D1HC82,39.99
MP0661,B0C9D1HC82,39.99
MP0661,B0C9D1HC82,39.99
MP0661,B0CDB8STPW,37.99
MP0661,B0CDB8STPW,37.99
MP0661,B0CDBC15DP,30.24
MP0661,B0CFHDR424,31.58
MP0661,B0CFHKW1TD,49.99
MP0661,B0CFHKW1TD,49.99
MP0661,B0CGLSJL5V,26.10
MP0661,B0CL29PL9S,37.99
MP0661,B0CLLNXFZJ,42.99
MP0661,B0CNPDHGHP,35.99
MP0661,B0CQ3R4KNS,37.99
MP0661,B0CQ3R4KNS,37.99
MP0661,B0CQ3R4KNS,37.99
MP0661,B0CQ3R4KNS,37.99
MP0661,B0CQ3R4KNS,37.99
MP0661,B0CQ3R4KNS,37.99
MP0661,B0CQ3R4KNS,37.99
MP0661,B0CT3Q9H2X,119.99
MP0661,B0CX919H3H,42.63
MP0661,B0CX919H3H,42.63
MP0661,B0CX919H3H,42.63
MP0661,B0CX919H3H,42.63
MP0661,B0CYGW829G,46.89
MP0661,B0CYSP8S69,35.98
MP0661,B0D12FMN8N,32.93
MP0661,B0D1G4HCW6,37.99
MP0661,B0D1G4HCW6,37.99
MP0661,B0D1G4HCW6,37.99
MP0661,B0D2K7CCPM,55.99
MP0661,B0D2Y4T5DQ,27.19
MP0661,B0D4F71VMY,39.99
MP0661,B0D61PZWRM,39.85
MP0661,B0D61PZWRM,39.85
MP0661,B0D62L3JWX,42.99
MP0661,B0D75M2Y1T,29.99
MP0661,B0D75M2Y1T,29.99
MP0661,B0D75M2Y1T,29.99
MP0661,B0D75M2Y1T,29.99
MP0661,B0D75M2Y1T,29.99
MP0661,B0DF7PSXGF,40.99
MP0661,B0DJM9XYYW,35.99
MP0661,B0DJV4Q1TX,26.46
MP0661,B0DNM3KJVD,46.72
MP0661,B0DQNXKWB8,24.99
MP0661,B0DQNXKWB8,24.99
MP0661,B0DQNXKWB8,24.99
MP0661,B0DQNXKWB8,24.99
MP0661,B0DQNXKWB8,24.99
MP0661,B0DQNXKWB8,24.99
MP0661,B0DVLMQZTT,45.99
MP0661,B0DZCBZ9BF,39.99
MP0661,B0F1ZTYNR2,39.42
MP0661,B0F1ZTYNR2,39.42
MP0661,B0F23BVVHZ,21.20
MP0661,B0F23BVVHZ,21.20
MP0661,B0F2F23PP2,39.99
MP0661,B0F7G8MPK5,36.41
MP0661,B0FDQJ76QC,53.95
MP0705,B0757LQPCP,35.87
MP0705,B07YFX9SF7,42.99
MP0705,B084FTK13N,30.31
MP0705,B0871YKH2J,29.99
MP0705,B08CY2J1V8,35.99
MP0705,B08D8RPT1Q,27.58
MP0705,B08D8RPT1Q,27.58
MP0705,B08D8RPT1Q,27.58
MP0705,B08D8RPT1Q,27.58
MP0705,B08DJ5C2BM,38.24
MP0705,B08DJ5DNV6,38.24
MP0705,B08DJ73JGQ,38.24
MP0705,B08DJ7V3X3,37.99
MP0705,B08DKQ1RFG,30.68
MP0705,B08FM795N8,42.99
MP0705,B08RZ62QKV,31.99
MP0705,B08RZ6LLGD,30.39
MP0705,B097737V9L,27.50
MP0705,B09S9JR56J,25.99
MP0705,B0BNNMGRYT,14.95
MP0705,B0BNNMGRYT,14.95
MP0705,B0BNNMGRYT,14.95
MP0705,B0BNNMGRYT,14.95
MP0705,B0BNNMGRYT,14.95
MP0705,B0BNNMGRYT,14.95
MP0705,B0BNNMGRYT,14.95
MP0705,B0BNNMGRYT,14.95
MP0705,B0BNNMGRYT,14.95
MP0705,B0BNNMGRYT,14.95
MP0705,B0BNNMGRYT,14.95
MP0705,B0BNNMGRYT,14.95
MP0705,B0BNNMGRYT,14.95
MP0705,B0BNNMGRYT,14.95
MP0705,B0BNNMGRYT,14.95
MP0705,B0BNNMGRYT,14.95
MP0705,B0BNNMGRYT,14.95
MP0705,B0BNNMGRYT,14.95
MP0705,B0BNNMGRYT,14.95
MP0705,B0BNNMGRYT,14.95
MP0705,B0BNNMGRYT,14.95
MP0705,B0BNNMGRYT,14.95
MP0705,B0BNNMGRYT,14.95
MP0705,B0BNNMGRYT,14.95
MP0705,B0BNNMGRYT,14.95
MP0705,B0BNNMGRYT,14.95
MP0705,B0BNNMGRYT,14.95
MP0705,B0BNNMGRYT,14.95
MP0705,B0BNNMGRYT,14.95
MP0705,B0BNNMGRYT,14.95
MP0705,B0BNNMGRYT,14.95
MP0705,B0BNNMGRYT,14.95
MP0705,B0BNNMGRYT,14.95
MP0705,B0BNNMGRYT,14.95
MP0705,B0BNNTWBYP,8.25
MP0705,B0BNNTWBYP,8.25
MP0705,B0BNNTWBYP,8.25
MP0705,B0BNNTWBYP,8.25
MP0705,B0BNNTWBYP,8.25
MP0705,B0BNNTWBYP,8.25
MP0705,B0BNNTWBYP,8.25
MP0705,B0BNNTWBYP,8.25
MP0705,B0BNNTWBYP,8.25
MP0705,B0BNNTWBYP,8.25
MP0705,B0BNNTWBYP,8.25
MP0705,B0BNNTWBYP,8.25
MP0705,B0BNNTWBYP,8.25
MP0705,B0BNNTWBYP,8.25
MP0705,B0BNNTWBYP,8.25
MP0705,B0BNNTWBYP,8.25
MP0705,B0BNNTWBYP,8.25
MP0705,B0BNNTWBYP,8.25
MP0705,B0BNNTWBYP,8.25
MP0705,B0BNNTWBYP,8.25
MP0705,B0BNNTWBYP,8.25
MP0705,B0BNNTWBYP,8.25
MP0705,B0BNNTWBYP,8.25
MP0705,B0BNNTWBYP,8.25
MP0705,B0BNNTWBYP,8.25
MP0705,B0BNNTWBYP,8.25
MP0705,B0BNNTWBYP,8.25
MP0705,B0BNNTWBYP,8.25
MP0705,B0BNNTWBYP,8.25
MP0705,B0BNNTWBYP,8.25
MP0705,B0BNNTWBYP,8.25
MP0705,B0BNNTWBYP,8.25
MP0705,B0BNNTWBYP,8.25
MP0705,B0BNNTWBYP,8.25
MP0705,B0BNNTWBYP,8.25
MP0705,B0BNNTWBYP,8.25
MP0705,B0BNNTWBYP,8.25
MP0705,B0BNNTWBYP,8.25
MP0705,B0BNNTWBYP,8.25
MP0705,B0BNNTWBYP,8.25
MP0705,B0BNNTWBYP,8.25
MP0705,B0BNNTWBYP,8.25
MP0705,B0BNNTWBYP,8.25
MP0705,B0BNNTWBYP,8.25
MP0705,B0BNP21BM6,8.25
MP0705,B0BNP21BM6,8.25
MP0705,B0BNP21BM6,8.25
MP0705,B0BNP21BM6,8.25
MP0705,B0BNP21BM6,8.25
MP0705,B0BNP21BM6,8.25
MP0705,B0BNP21BM6,8.25
MP0705,B0BNP21BM6,8.25
MP0705,B0C3D6LGTP,31.91
MP0705,B0C3MHD93T,32.67
MP0705,B0CC9CJJ6P,41.64
MP0705,B0CFGW8FML,35.99
MP0705,B0CMD3W1SQ,16.80
MP0705,B0CMD3W1SQ,16.80
MP0705,B0CMD3W1SQ,16.80
MP0705,B0CMD3W1SQ,16.80
MP0705,B0CMD3W1SQ,16.80
MP0705,B0CMD3W1SQ,16.80
MP0705,B0CMD3W1SQ,16.80
MP0705,B0CMD3W1SQ,16.80
MP0705,B0CMD3W1SQ,16.80
MP0705,B0CMD3W1SQ,16.80
MP0705,B0CMD3W1SQ,16.80
MP0705,B0CMD3W1SQ,16.80
MP0705,B0CMD3W1SQ,16.80
MP0705,B0CMD3W1SQ,16.80
MP0705,B0CMD3W1SQ,16.80
MP0705,B0CMD3W1SQ,16.80
MP0705,B0CMD3W1SQ,16.80
MP0705,B0CMD3W1SQ,16.80
MP0705,B0CMD3W1SQ,16.80
MP0705,B0CMD3W1SQ,16.80
MP0705,B0CMD3W1SQ,16.80
MP0705,B0CMD3W1SQ,16.80
MP0705,B0CNCYYDML,27.13
MP0705,B0CPSFB3VP,10.66
MP0705,B0CRDNJ5C4,30.31
MP0705,B0CZR4FHVF,47.49
MP0705,B0D35WZ2NC,12.49
MP0705,B0D35WZ2NC,12.49
MP0705,B0D35WZ2NC,12.49
MP0705,B0D35WZ2NC,12.49
MP0705,B0D35WZ2NC,12.49
MP0705,B0D35WZ2NC,12.49
MP0705,B0D35WZ2NC,12.49
MP0705,B0D35WZ2NC,12.49
MP0705,B0D35WZ2NC,12.49
MP0705,B0D35WZ2NC,12.49
MP0705,B0D35WZ2NC,12.49
MP0705,B0D35WZ2NC,12.49
MP0705,B0D35WZ2NC,12.49
MP0705,B0D35WZ2NC,12.49
MP0705,B0D35WZ2NC,12.49
MP0705,B0D35WZ2NC,12.49
MP0705,B0D35WZ2NC,12.49
MP0705,B0D35WZ2NC,12.49
MP0705,B0D35WZ2NC,12.49
MP0705,B0D35WZ2NC,12.49
MP0705,B0D35WZ2NC,12.49
MP0705,B0D3PV9PL3,31.99
MP0705,B0D6W39F9Z,39.99
MP0705,B0D6W39F9Z,39.99
MP0705,B0D6W39F9Z,39.99
MP0705,B0D72ZKHBX,27.99
MP0705,B0D89YK6QL,39.99
MP0705,B0DFH3Y88D,41.39
MP0705,B0DGVGSGTV,26.35
MP0705,B0DGVGSGTV,26.35
MP0705,B0DGVGSGTV,26.35
MP0705,B0DKNLHCC9,18.78
MP0705,B0DKNLHCC9,18.78
MP0705,B0DKNLHCC9,18.78
MP0705,B0DKNLVKLJ,14.28
MP0705,B0DKNLVKLJ,14.28
MP0705,B0DKNLVKLJ,14.28
MP0705,B0DKNLVKLJ,14.28
MP0705,B0DKNLVKLJ,14.28
MP0705,B0DKNLVKLJ,14.28
MP0705,B0DKNMFR6J,17.51
MP0705,B0DKNMRFSM,49.00
MP0705,B0DKNMRFSM,49.00
MP0705,B0DKNMRFSM,49.00
MP0705,B0DKNMRFSM,49.00
MP0705,B0DKNMRFSM,49.00
MP0705,B0DKNMRFSM,49.00
MP0705,B0DKNMRFSM,49.00
MP0705,B0DKNMRFSM,49.00
MP0705,B0DKNMRFSM,49.00
MP0705,B0DKNNRYYS,50.00
MP0705,B0DKNNRYYS,50.00
MP0705,B0DKNNRYYS,50.00
MP0705,B0DKNNWY22,19.83
MP0705,B0DKNNWY22,19.83
MP0705,B0DKNNWY22,19.83
MP0705,B0DKNNWY22,19.83
MP0705,B0DPFQWJ2C,33.99
MP0705,B0DPFQWJ2C,33.99
MP0705,B0DPFQWJ2C,33.99
MP0705,B0DPFQWJ2C,33.99
MP0705,B0DSBVBHTV,20.99
MP0705,B0DSBZ329V,20.99
MP0705,B0DSBZ329V,20.99
MP0705,B0DSF26YDS,38.72
MP0705,B0DSF3467R,28.88
MP0705,B0DSF6B1SX,28.88
MP0705,B0DSF6B1SX,28.88
MP0705,B0DTJV875C,25.61
MP0705,B0DTJV875C,25.61
MP0705,B0DTJV875C,25.61
MP0705,B0DTJV875C,25.61
MP0705,B0DTJV875C,25.61
MP0705,B0DTJV875C,25.61
MP0705,B0DTJV875C,25.61
MP0705,B0DTJV875C,25.61
MP0705,B0DTJV875C,25.61
MP0705,B0DTJV875C,25.61
MP0705,B0DTJV875C,25.61
MP0705,B0DTJV875C,25.61
MP0705,B0F484HDTZ,32.29
MP0705,B0F4BMYL1K,17.99
MP0705,B0F4BQC91M,17.99
MP0705,B0F4BQC91M,17.99
MP0705,B0F4BQC91M,17.99
MP0705,B0F4BQC91M,17.99
MP0705,B0F4BQC91M,17.99
MP0705,B0F4C2YSMJ,17.99
MP0705,B0F4C2YSMJ,17.99
MP0705,B0F4C2YSMJ,17.99
MP0705,B0F4C2YSMJ,17.99
MP0705,B0F7G9MF7D,31.93
MP0705,B0F7G9MF7D,31.93
MP0705,B0F7G9MF7D,31.93
MP0705,B0F7G9N81G,31.08
MP0705,B0F7G9N81G,31.08
MP0705,B0F7G9N81G,31.08
MP0705,B0F7G9NGXL,34.87
MP0705,B0F7G9NGXL,34.87
MP0705,B0F7G9NGXL,34.87
MP0705,B0F7GB7KM5,33.61
MP0705,B0F7GB7KM5,33.61
MP0705,B0F7GB7KM5,33.61
MP0705,B0F7GB7KM5,33.61
MP0705,B0F7GCN2R9,32.56
MP0705,B0F7GD265P,28.98
MP0705,B0F7GD265P,28.98
MP0705,B0F7GD265P,28.98
MP0705,B0F7GD265P,28.98
MP0705,B0F7GD5F8F,29.41
MP0705,B0F7GD6P8N,32.56
MP0706,B00VWMFKQE,52.20
MP0706,B019JN9IXS,29.25
MP0706,B019JN9IXS,29.25
MP0706,B01H4U9Y6Y,46.95
MP0706,B074HXJFYF,34.95
MP0706,B07GB3X39M,31.41
MP0706,B07HNRYBTW,30.99
MP0706,B07P852YXK,50.95
MP0706,B07P852YXK,50.95
MP0706,B07P852YXK,50.95
MP0706,B07P852YXK,50.95
MP0706,B07P852YXK,50.95
MP0706,B07QPJQDCB,32.95
MP0706,B07QPJQDCB,32.95
MP0706,B07QPJQDCB,32.95
MP0706,B07RJRSBFQ,49.49
MP0706,B07VB4NRFC,37.95
MP0706,B07WF45DF6,39.95
MP0706,B07XXK9MVG,28.89
MP0706,B089RFR258,30.09
MP0706,B08PKBDXQZ,45.49
MP0706,B08RDCWSNP,39.95
MP0706,B08RHX3BMY,38.95
MP0706,B08RHX3BMY,38.95
MP0706,B08T5TQ3SR,37.95
MP0706,B0957NYXSN,33.95
MP0706,B09LSRPT4M,49.99
MP0706,B09LSTDGRC,47.99
MP0706,B09LSTDGRC,47.99
MP0706,B09LLLBPHF,35.66
MP0706,B09NJ7VC3R,33.49
MP0706,B09NY38SVD,31.69
MP0706,B09VY63772,36.95
MP0706,B09W986FBX,51.27
MP0706,B09X4CCM78,41.61
MP0706,B09X4CD639,38.21
MP0706,B09X4CD639,38.21
MP0706,B09X4FBM85,38.95
MP0706,B0B3S44HSC,37.95
MP0706,B0B3S44HSC,37.95
MP0706,B0B3S4S8FV,47.95
MP0706,B0BJ8Z7JH2,50.49
MP0706,B0BPSCJX7C,35.49
MP0706,B0BPSCJX7C,35.49
MP0706,B0BPSFT8QS,23.13
MP0706,B0BPSFT8QS,23.13
MP0706,B0BPSGMKL7,24.99
MP0706,B0BVM6GCYQ,44.69
MP0706,B0BW95D6Y3,34.49
MP0706,B0BWMQXYKS,36.49
MP0706,B0BWMWDMW5,35.27
MP0706,B0BYNJ5SGV,47.95
MP0706,B0BZD544GM,36.95
MP0706,B0BZD6258X,33.95
MP0706,B0C1MQKGDN,35.95
MP0706,B0C1N3KG7R,29.99
MP0706,B0C5JX1B7X,35.00
MP0706,B0C8MNM1ZT,36.99
MP0706,B0C8MS3CCR,39.49
MP0706,B0C9GJW65M,33.74
MP0706,B0C9GJW65M,33.74
MP0706,B0C9GJW65M,33.74
MP0706,B0C9GJW65M,33.74
MP0706,B0C9GJW65M,33.74
MP0706,B0C9GJW65M,33.74
MP0706,B0C9GJW65M,33.74
MP0706,B0C9GJW65M,33.74
MP0706,B0C9GJW65M,33.74
MP0706,B0C9GJW65M,33.74
MP0706,B0C9GJW65M,33.74
MP0706,B0C9GJW65M,33.74
MP0706,B0C9GJW65M,33.74
MP0706,B0C9GJW65M,33.74
MP0706,B0C9GJW65M,33.74
MP0706,B0CD22JTWV,45.01
MP0706,B0CD23PSJQ,43.31
MP0706,B0CF9SPX8D,28.49
MP0706,B0CF9SPX8D,28.49
MP0706,B0CF9T994Z,24.99
MP0706,B0CF9T994Z,24.99
MP0706,B0CKYQXGN8,35.95
MP0706,B0CL3VCL26,43.95
MP0706,B0CL9XLX5J,27.99
MP0706,B0CL9YS641,34.49
MP0706,B0CMHVHY62,35.95
MP0706,B0CN4XBVSX,33.65
MP0706,B0CN4XBVSX,33.65
MP0706,B0CQ3SJ35C,37.95
MP0706,B0CQ3TM2KR,39.95
MP0706,B0CRVL83WR,37.99
MP0706,B0CS9BMZVW,29.71
MP0706,B0CT2Z1GBW,24.99
MP0706,B0CTH19HT9,29.49
MP0706,B0CTH19HT9,29.49
MP0706,B0CTH1QF96,29.99
MP0706,B0D1R6P12T,27.06
MP0706,B0D1R8748M,38.24
MP0706,B0D1RBNG8D,30.39
MP0706,B0D1TGZ52S,30.79
MP0706,B0D1TGZ52S,30.79
MP0706,B0D2KZ2BMW,36.44
MP0706,B0D2KZ2BMW,36.44
MP0706,B0D2KZ2BMW,36.44
MP0706,B0D2KZ2BMW,36.44
MP0706,B0D2KZ2BMW,36.44
MP0706,B0D2KZ2BMW,36.44
MP0706,B0D2KZ2BMW,36.44
MP0706,B0D2KZ2BMW,36.44
MP0706,B0D2KZ2BMW,36.44
MP0706,B0D2KZ2BMW,36.44
MP0706,B0D2KZ2BMW,36.44
MP0706,B0D2KZ2BMW,36.44
MP0706,B0D2KZ2BMW,36.44
MP0706,B0D2KZ2BMW,36.44
MP0706,B0D2KZ2BMW,36.44
MP0706,B0D2KZ2BMW,36.44
MP0706,B0D2KZ2BMW,36.44
MP0706,B0D2KZ2BMW,36.44
MP0706,B0D2KZ2BMW,36.44
MP0706,B0D2KZ2BMW,36.44
MP0706,B0D2KZ2BMW,36.44
MP0706,B0D2KZ2BMW,36.44
MP0706,B0D2KZ2BMW,36.44
MP0706,B0D2KZ2BMW,36.44
MP0706,B0DDNPQVGW,34.19
MP0706,B0DG1NRXRC,42.95
MP0706,B0DG2BMMDR,40.95
MP0706,B0DG2BZB4S,42.95
MP0706,B0DHCDMRXB,27.19
MP0706,B0DHCDMRXB,27.19
MP0706,B0DHRPJ9GD,26.99
MP0706,B0DK11HT94,17.99
MP0706,B0DK11HT94,17.99
MP0706,B0DK11HT94,17.99
MP0706,B0DK11HT94,17.99
MP0706,B0DK11HT94,17.99
MP0706,B0DK11HT94,17.99
MP0706,B0DK11HT94,17.99
MP0706,B0DK14JF8X,31.99
MP0706,B0DK14JF8X,31.99
MP0706,B0DK14XBFF,18.99
MP0706,B0DK14XBFF,18.99
MP0706,B0DPSMGK7X,46.95
MP0706,B0DPSNLSJD,38.95
MP0706,B0F1F6PPMC,31.95
MP0765,B07PM68J1Z,39.97
MP0765,B07PM68J1Z,39.97
MP0765,B07PM68J1Z,39.97
MP0765,B07PM68J1Z,39.97
MP0765,B07SXK5XMH,39.99
MP0765,B07WGFX2VP,25.20
MP0765,B085G25TQB,29.99
MP0765,B095CGXVYY,38.97
MP0765,B096BD4RFQ,38.99
MP0765,B09CPPMTZD,35.99
MP0765,B09HGBXRB4,37.00
MP0765,B09P769PCR,36.99
MP0765,B09PFX6KNQ,69.99
MP0765,B09R1Y7VZC,40.99
MP0765,B09R1Z2TX7,39.99
MP0765,B09TQSQL6T,39.99
MP0765,B0B8RKJRKY,28.79
MP0765,B0BHVYV456,32.99
MP0765,B0BN6QH5KS,34.99
MP0765,B0BQ3D28GJ,53.19
MP0765,B0BZ8NK54B,42.99
MP0765,B0C3DBSH8M,32.99
MP0765,B0C62BYWYF,44.99
MP0765,B0C8F7LKCZ,25.95
MP0765,B0CLP6ZJ7L,28.99
MP0765,B0CLP6ZJ7L,28.99
MP0765,B0CLYFGJ2P,30.33
MP0765,B0CLYFGJ2P,30.33
MP0765,B0CN2MPDQY,25.59
MP0765,B0CN2MPDQY,25.59
MP0765,B0CPL3662R,33.04
MP0765,B0CQXQTHHY,45.99
MP0765,B0CX1H5JLK,26.02
MP0765,B0CX1H5JLK,26.02
MP0765,B0CX1H5JLK,26.02
MP0765,B0CX1H5JLK,26.02
MP0765,B0CX1H5JLK,26.02
MP0765,B0CX8PSD85,42.99
MP0765,B0CX8PSD85,42.99
MP0765,B0D33LNGC5,38.99
MP0765,B0D544F4ZX,44.39
MP0765,B0D544F4ZX,44.39
MP0765,B0D7MD8113,43.00
MP0765,B0D95DX5KB,37.79
MP0765,B0D9Y6X5KZ,32.99
MP0765,B0D9YG2QF6,41.75
MP0765,B0DBVHNPHT,134.67
MP0765,B0DD43YZRF,43.99
MP0765,B0DD43YZRF,43.99
MP0765,B0DD7NP6PP,30.94
MP0765,B0DD7NV6JC,35.99
MP0765,B0DDCC63BW,79.99
MP0765,B0DDTQGXMK,39.49
MP0765,B0DFYGQ5N2,37.81
MP0765,B0DFYGQ5N2,37.81
MP0765,B0DG8ZF27V,31.99
MP0765,B0DJVHB22G,45.99
MP0765,B0DKSVQXBM,45.99
MP0765,B0DKXR3L4P,39.99
MP0765,B0DL56TRLP,99.99
MP0765,B0DM1WQSPH,49.99
MP0765,B0DMSNS1T1,33.29
MP0765,B0DMSNS1T1,33.29
MP0765,B0DMVB3T54,34.10
MP0765,B0DMVB3T54,34.10
MP0765,B0DMVB3T54,34.10
MP0765,B0DMVB3T54,34.10
MP0765,B0DMW1VSZ8,31.08
MP0765,B0DP9N8B1B,24.99
MP0765,B0DR2D3RWQ,39.99
MP0765,B0DR2HZM3H,44.99
MP0765,B0DV487492,39.99
MP0765,B0DY7LPVC3,42.07
MP0765,B0DZ1QXRQY,33.61
MP0765,B0DZXKBYBP,25.20
MP0765,B0F138YSVZ,32.99
MP0765,B0F42PJZ4R,39.99
MP0765,B0F47ZBTPY,68.00
MP0765,B0F4RRZT2R,42.88
MP0765,B0F5QCBPPL,35.59
MP0765,B0F6V2GZJT,73.51
MP0765,B0F7QXSNCW,50.80
MP0765,B0F9FJSFHN,49.99
MP0765,B0FCY9FH9T,36.82
MP0765,B0FL77YXXT,42.99
MP0765,B0FLXYJ547,46.97
MP0765,B0G4LY9YKK,65.99
MP0790,B01D2FI0AG,28.04
MP0790,B06ZYQQF4F,30.59
MP0790,B07C7F67WK,49.69
MP0790,B0861YZ6QF,31.99
MP0790,B086SWBYGS,43.99
MP0790,B086SWBYGS,43.99
MP0790,B086SWBYGS,43.99
MP0790,B086SWBYGS,43.99
MP0790,B086SWBYGS,43.99
MP0790,B088LHZRBB,43.99
MP0790,B09P1CCT4L,39.99
MP0790,B09P769PCR,36.99
MP0790,B0B9BWT9SJ,36.84
MP0790,B0BHVYXHD2,32.99
MP0790,B0BRKPH1DL,53.99
MP0790,B0BTKFPX65,71.61
MP0790,B0BTKFPX65,71.61
MP0790,B0BWK3MTJR,27.95
MP0790,B0C27C5BMD,37.92
MP0790,B0C27C5BMD,37.92
MP0790,B0C27C5BMD,37.92
MP0790,B0C27C5BMD,37.92
MP0790,B0C27C5BMD,37.92
MP0790,B0C27C5BMD,37.92
MP0790,B0C27C5BMD,37.92
MP0790,B0C4PRY5XN,17.81
MP0790,B0C6JVYKGV,52.72
MP0790,B0C89G3R1S,37.99
MP0790,B0C938SM1K,57.99
MP0790,B0C938SM1K,57.99
MP0790,B0C93H2J5V,57.99
MP0790,B0CDBC15DP,30.24
MP0790,B0CL8P9V51,29.99
MP0790,B0CLP6ZJ7L,28.99
MP0790,B0CLP6ZJ7L,28.99
MP0790,B0CLYF1M8V,43.69
MP0790,B0CLLNXFZJ,42.99
MP0790,B0CP3V92YZ,36.99
MP0790,B0CP3V92YZ,36.99
MP0790,B0CRB4W9FZ,32.99
MP0790,B0CRTXW4Z3,23.44
MP0790,B0CW5SQTD3,32.99
MP0790,B0CWP268BQ,39.90
MP0790,B0CX8PSD85,42.99
MP0790,B0D1G44ZQH,27.00
MP0790,B0D33LNGC5,38.99
MP0790,B0D4YQYBBK,26.99
MP0790,B0D4YQYBBK,26.99
MP0790,B0D9Y6RRF6,32.99
MP0790,B0D9YD1T22,39.52
MP0790,B0DBL15KW1,23.52
MP0790,B0DD7NV6JC,35.99
MP0790,B0DD7NV6JC,35.99
MP0790,B0DD7NV6JC,35.99
MP0790,B0DD7NV6JC,35.99
MP0790,B0DD7NV6JC,35.99
MP0790,B0DD7NV6JC,35.99
MP0790,B0DD7NV6JC,35.99
MP0790,B0DD7NV6JC,35.99
MP0790,B0DD7NV6JC,35.99
MP0790,B0DD7NV6JC,35.99
MP0790,B0DD7NV6JC,35.99
MP0790,B0DFYJKSGY,49.99
MP0790,B0DG2NKNF9,29.80
MP0790,B0DG2NKNF9,29.80
MP0790,B0DG2NKNF9,29.80
MP0790,B0DGTCSNV5,29.99
MP0790,B0DHC6MHVD,32.99
MP0790,B0DHH7QLXL,45.99
MP0790,B0DK3BWK49,35.99
MP0790,B0DK6TCBCK,44.52
MP0790,B0DKSX6B8T,41.99
MP0790,B0DLWP6P9Q,70.49
MP0790,B0DM96PB6B,32.99
MP0790,B0DPMD7HGP,39.99
MP0790,B0DR84VSK3,45.99
MP0790,B0DRWBKCDL,31.99
MP0790,B0DRWBKCDL,31.99
MP0790,B0DRWBKCDL,31.99
MP0790,B0DRWBKCDL,31.99
MP0790,B0DRWBKCDL,31.99
MP0790,B0DRWBKCDL,31.99
MP0790,B0DSJBD24D,28.49
MP0790,B0DXZ2V583,45.99
MP0790,B0DY7J76WX,33.27
MP0790,B0F31XBN2V,26.04
MP0790,B0F4QRJHLD,47.49
MP0790,B0FPGGY4LL,31.30
MP0804,B00FXJ3WG2,60.46
MP0804,B078KW6P45,35.14
MP0804,B07L6W81P4,34.39
MP0804,B0868FZXDG,33.90
MP0804,B08P1QDWB2,35.90
MP0804,B0922HP85Y,26.99
MP0804,B099ZK5ZQJ,32.99
MP0804,B09R1Z2TX7,39.99
MP0804,B09TJCXZY1,35.99
MP0804,B09TJCXZY1,35.99
MP0804,B0B1J5KKQF,30.24
MP0804,B0B1J5KKQF,30.24
MP0804,B0B4G2KPP2,46.32
MP0804,B0B5WDS4X9,46.99
MP0804,B0BHVYXHD2,32.99
MP0804,B0BKK3ZLJX,56.94
MP0804,B0BLVL3MH8,39.99
MP0804,B0BLVL3MH8,39.99
MP0804,B0BLVL3MH8,39.99
MP0804,B0BN3S9LC2,39.99
MP0804,B0BQQYZ3Z9,56.51
MP0804,B0BVB2ZQW1,34.04
MP0804,B0BXQT9FV8,39.95
MP0804,B0BXX5JG1C,38.55
MP0804,B0C9D1HC82,39.99
MP0804,B0C9D1HC82,39.99
MP0804,B0C9D1HC82,39.99
MP0804,B0CBR95JDT,29.99
MP0804,B0CBR95JDT,29.99
MP0804,B0CBR95JDT,29.99
MP0804,B0CJXKZB6M,17.15
MP0804,B0CL29PL9S,37.99
MP0804,B0CL9MLS34,34.99
MP0804,B0CLYFGJ2P,30.33
MP0804,B0CLYFGJ2P,30.33
MP0804,B0CMPQBZGZ,28.79
MP0804,B0CMZL6QBQ,75.99
MP0804,B0CNJQTKDL,32.78
MP0804,B0CP3V92YZ,36.99
MP0804,B0CQ3R4KNS,37.99
MP0804,B0CQLQV5Y8,34.42
MP0804,B0CQLQV5Y8,34.42
MP0804,B0CR6K47XG,39.99
MP0804,B0CW631DV3,54.99
MP0804,B0CX1H5JLK,26.02
MP0804,B0CX8PSD85,42.99
MP0804,B0CX8PSD85,42.99
MP0804,B0CX8PSD85,42.99
MP0804,B0CYH7VRY9,49.99
MP0804,B0CYSYYD95,39.99
MP0804,B0D1N17NGC,28.96
MP0804,B0D2K7CCPM,55.99
MP0804,B0D33M6471,38.99
MP0804,B0D3HMZ98S,47.99
MP0804,B0D425MHLV,34.90
MP0804,B0DD43YZRF,43.99
MP0804,B0DD43YZRF,43.99
MP0804,B0DD7NP6PP,30.94
MP0804,B0DF7R4XY2,40.99
MP0804,B0DGTCSNV5,29.99
MP0804,B0DJ75FP23,16.89
MP0804,B0DKFLQVM1,36.99
MP0804,B0DKFLQVM1,36.99
MP0804,B0DMDV1R91,23.23
MP0804,B0DMDV1R91,23.23
MP0804,B0DNQF5SV1,39.00
MP0804,B0DNQF5SV1,39.00
MP0804,B0DRSGVPZ2,34.99
MP0804,B0DRSGVPZ2,34.99
MP0804,B0DW8ZTFW8,44.99
MP0804,B0DXKX6WNS,23.66
MP0804,B0DZ254M3W,35.99
MP0804,B0DZXFR9QN,33.99
MP0804,B0F4QGY2NS,37.79
MP0804,B0F532J355,27.72
MP0804,B0F5B78ZMJ,56.34
MP0804,B0F6XX2CK5,39.99
MP0804,B0F8BSRTZR,43.99
MP0804,B0FBG1JPR9,40.11
MP0804,B0FBG1JPR9,40.11
MP0804,B0FBG1JPR9,40.11
MP0804,B0FBWS6R5G,25.20
MP0804,B0FBWS6R5G,25.20
MP0804,B0FBWS6R5G,25.20
MP0804,B0FFMN5TVC,54.84
MP0804,B0FKMMF8HC,48.99
MP0804,B0FM7YXTSX,49.99
MP0814,B073WJSKZP,49.58
MP0814,B07V86Q8H3,44.99
MP0814,B07V86Q8H3,44.99
MP0814,B07WGFX2VP,25.20
MP0814,B07WGFX2VP,25.20
MP0814,B07WGFX2VP,25.20
MP0814,B07WGFX2VP,25.20
MP0814,B08M43T1XG,49.99
MP0814,B08M43T1XG,49.99
MP0814,B08M43T1XG,49.99
MP0814,B08M43T1XG,49.99
MP0814,B08M43T1XG,49.99
MP0814,B095CFB1SD,39.97
MP0814,B09G9F2PPJ,36.99
MP0814,B0B8Z4HJ88,39.99
MP0814,B0B9WW5X99,46.24
MP0814,B0BJ72R235,39.99
MP0814,B0BP4F2DLP,39.97
MP0814,B0BP4F2DLP,39.97
MP0814,B0BP4F2DLP,39.97
MP0814,B0C2CP959Y,49.99
MP0814,B0C2VZ166H,39.99
MP0814,B0CL9LNXV4,37.99
MP0814,B0CLNK214Z,44.99
MP0814,B0CLNK214Z,44.99
MP0814,B0CLYFGJ2P,30.33
MP0814,B0CPPW8CFX,36.65
MP0814,B0CQLQV5Y8,34.42
MP0814,B0CRGPMTNX,27.99
MP0814,B0CRGPMTNX,27.99
MP0814,B0CSWK23CM,40.99
MP0814,B0CH7RNF44,36.99
MP0814,B0D4JPY2X9,26.21
MP0814,B0D5HNVQBV,45.99
MP0814,B0D5HNVQBV,45.99
MP0814,B0D7L1NTYR,38.45
MP0814,B0D7L1NTYR,38.45
MP0814,B0D8RWY4CL,32.87
MP0814,B0D8RWY4CL,32.87
MP0814,B0D8RWY4CL,32.87
MP0814,B0D9QV5M36,49.99
MP0814,B0DBHF2D8F,34.86
MP0814,B0DBVNZJRT,49.06
MP0814,B0DD7NP6PP,30.94
MP0814,B0DD7NP6PP,30.94
MP0814,B0DD7NP6PP,30.94
MP0814,B0DD7NV6JC,35.99
MP0814,B0DD7NV6JC,35.99
MP0814,B0DD7NV6JC,35.99
MP0814,B0DGJZV3BZ,38.99
MP0814,B0DJM9XYYW,35.99
MP0814,B0DJM9XYYW,35.99
MP0814,B0DJM9XYYW,35.99
MP0814,B0DJMB2W9D,59.99
MP0814,B0DJMB2W9D,59.99
MP0814,B0DJMB2W9D,59.99
MP0814,B0DJS5PHPB,55.24
MP0814,B0DJS5PHPB,55.24
MP0814,B0DMW2PVMJ,25.20
MP0814,B0DNMSTQKV,42.37
MP0814,B0DNMSTQKV,42.37
MP0814,B0DP6GG63M,40.10
MP0814,B0DP6GG63M,40.10
MP0814,B0DPGF23KC,49.99
MP0814,B0DR28PDHJ,36.98
MP0814,B0DSJBD24D,28.49
MP0814,B0DSJBD24D,28.49
MP0814,B0F6JQZMH5,62.99
MP0814,B0F6MNPXBW,37.99
MP0814,B0F8NYN745,29.99
MP0814,B0F8NYN745,29.99
MP0814,B0FDB3SS46,62.69
MP0814,B0FF4GF9JX,27.84
MP0814,B0FF4JZ5BD,33.61
MP0815,B07FP2VK8N,40.99
MP0815,B07PKLNK8T,32.89
MP0815,B083FFSCMT,37.99
MP0815,B08CNDTBJP,24.02
MP0815,B08CNDTBJP,24.02
MP0815,B08F3R4NDS,39.99
MP0815,B08FDP2G37,17.99
MP0815,B08KZWV5MT,41.99
MP0815,B08X18H9S9,79.99
MP0815,B09DX1BDZB,29.99
MP0815,B09P1CCT4L,39.99
MP0815,B09XF7BCXT,37.99
MP0815,B0B1PZ8DCF,17.15
MP0815,B0B3D27GWC,52.72
MP0815,B0B3D27GWC,52.72
MP0815,B0BD36KNMR,56.99
MP0815,B0BD36KNMR,56.99
MP0815,B0BGJFRSPN,53.92
MP0815,B0BGJFRSPN,53.92
MP0815,B0BLP2QRYH,39.99
MP0815,B0BM8MG27K,43.37
MP0815,B0BM8MG27K,43.37
MP0815,B0BN3SHY5Y,39.99
MP0815,B0BNWVNYNP,41.99
MP0815,B0BTDGVS1T,24.34
MP0815,B0BZW6FLZG,65.99
MP0815,B0C1J3SCRT,65.32
MP0815,B0C1J8BFRJ,65.32
MP0815,B0C6G7X2VN,44.99
MP0815,B0CC4XNKK4,16.46
MP0815,B0CC59BJXT,62.99
MP0815,B0CFHDR424,31.58
MP0815,B0CG1QBVYS,32.99
MP0815,B0CG8941YL,47.99
MP0815,B0CJV9HPJ9,24.91
MP0815,B0CJX7688R,14.39
MP0815,B0CJXLRGQW,17.25
MP0815,B0CM3R518F,65.98
MP0815,B0CMCN1XDQ,34.99
MP0815,B0CQ3R4KNS,37.99
MP0815,B0CQ3R4KNS,37.99
MP0815,B0CQ3R4KNS,37.99
MP0815,B0CX919H3H,42.63
MP0815,B0CYLX564J,34.99
MP0815,B0D1G44ZQH,27.00
MP0815,B0D1KRF9V5,36.99
MP0815,B0D2K698NH,41.99
MP0815,B0D2K698NH,41.99
MP0815,B0D33M6471,38.99
MP0815,B0D4Z12NLW,11.42
MP0815,B0D62L3JWX,42.99
MP0815,B0D6RHHPJJ,29.99
MP0815,B0D95DX5KB,37.79
MP0815,B0DBVHNPHT,134.67
MP0815,B0DCG7HCDJ,48.89
MP0815,B0DF74Q2ZH,30.48
MP0815,B0DJNTDVW1,22.09
MP0815,B0DJS5PHPB,55.24
MP0815,B0DJV4Q1TX,26.46
MP0815,B0DLWP6P9Q,70.49
MP0815,B0DMDV1R91,23.23
MP0815,B0DP586HQG,54.99
MP0815,B0DR8FP4C6,37.99
MP0815,B0DSBXLMWX,38.99
MP0815,B0F1F9WN5J,25.99
MP0815,B0F32L6GKH,28.68
MP0815,B0F5B78ZMJ,56.34
MP0815,B0F6V2GZJT,73.51
MP0815,B0F9Y7QMDG,35.14
MP0815,B0F9Y7QMDG,35.14
MP0815,B0FBWS127P,45.99
MP0815,B0FJLT19GR,37.99
MP0815,B0FJXLGP9L,28.36
MP0815,B0FJXLGP9L,28.36
MP0851,B07BF4FFKH,15.99
MP0851,B07DW34K11,19.66
MP0851,B08CDLLT35,22.66
MP0851,B08CDLLT35,22.66
MP0851,B08CDLLT35,22.66
MP0851,B08FCJ1HM3,32.99
MP0851,B08FCJ1HM3,32.99
MP0851,B08KFVSFFK,18.99
MP0851,B08MJFV4X5,14.99
MP0851,B08PFH48TV,21.99
MP0851,B08X6MX1GC,41.37
MP0851,B09F9NPMG4,37.99
MP0851,B09F9NPMG4,37.99
MP0851,B09F9NVLF8,23.99
MP0851,B09JKHDBW2,27.99
MP0851,B09K6X642B,22.96
MP0851,B09R1Z2TX7,39.99
MP0851,B09R1Z2TX7,39.99
MP0851,B09V4YGYC4,35.14
MP0851,B09YQC3NDB,30.65
MP0851,B09Z2SCJWY,29.99
MP0851,B0BDFN51TY,15.99
MP0851,B0BFKM8QGQ,29.99
MP0851,B0BKK32MRJ,23.70
MP0851,B0BXDCZGJN,19.31
MP0851,B0C1J3SCRT,65.32
MP0851,B0C54Y95DH,27.99
MP0851,B0C619FTCL,49.99
MP0851,B0C9D1HC82,39.99
MP0851,B0C9D1HC82,39.99
MP0851,B0CF1R5HPF,37.59
MP0851,B0CFPVRY4Y,23.99
MP0851,B0CNVFTWSV,51.83
MP0851,B0CNVFTWSV,51.83
MP0851,B0CTZX8T23,8.39
MP0851,B0CTZX8T23,8.39
MP0851,B0CTZX8T23,8.39
MP0851,B0CTZX8T23,8.39
MP0851,B0CTZX8T23,8.39
MP0851,B0CTZX8T23,8.39
MP0851,B0CTZX8T23,8.39
MP0851,B0CTZX8T23,8.39
MP0851,B0CTZX8T23,8.39
MP0851,B0CTZX8T23,8.39
MP0851,B0CTZX8T23,8.39
MP0851,B0CTZX8T23,8.39
MP0851,B0CTZX8T23,8.39
MP0851,B0CVX134RD,32.99
MP0851,B0CYGZ73B5,21.59
MP0851,B0D2XN9NB5,28.56
MP0851,B0D2XN9NB5,28.56
MP0851,B0D41NHZ7L,23.66
MP0851,B0D6YL7HYP,69.99
MP0851,B0D984HDQ3,59.39
MP0851,B0D9TMJXCH,42.99
MP0851,B0DD7NP6PP,30.94
MP0851,B0DD7NV6JC,35.99
MP0851,B0DD7NV6JC,35.99
MP0851,B0DD7NV6JC,35.99
MP0851,B0DD7NV6JC,35.99
MP0851,B0DD7NV6JC,35.99
MP0851,B0DD7NV6JC,35.99
MP0851,B0DD7NV6JC,35.99
MP0851,B0DF7MJXXR,35.99
MP0851,B0DF7R4XY2,40.99
MP0851,B0DF7SCB7P,40.99
MP0851,B0DF7SCB7P,40.99
MP0851,B0DF7SCB7P,40.99
MP0851,B0DGT4XXLG,12.60
MP0851,B0DLG47563,10.59
MP0851,B0DLG47563,10.59
MP0851,B0DLG47563,10.59
MP0851,B0DLG47563,10.59
MP0851,B0DLG47563,10.59
MP0851,B0DN59GY6Q,45.99
MP0851,B0DPMNGF33,10.08
MP0851,B0DPPJNZ8B,32.33
MP0851,B0DTYF3C44,41.79
MP0851,B0DXVBLTS1,48.99
MP0851,B0DZXKBYBP,25.20
MP0851,B0F28X8ZPV,39.99
MP0851,B0F59WF5F1,26.99
MP0851,B0F9KLLVP9,58.49
MP0851,B0FGX8GD88,43.90
MP0851,B0FJR23C42,25.00
MP0851,B0FMF9HC1H,60.22
MP0861,B078KK6PK2,37.99
MP0861,B07NRV39WC,53.85
MP0861,B07WHHR4KV,25.00
MP0861,B07WHHR4KV,25.00
MP0861,B07Z1W23HH,29.03
MP0861,B083SN8B9D,13.99
MP0861,B085NHPMBM,14.99
MP0861,B088M3H73N,45.99
MP0861,B08GCJFPP2,24.99
MP0861,B08ZCSGZQ3,46.99
MP0861,B091YBGGBY,24.99
MP0861,B09FY5CDYW,29.98
MP0861,B09JZFNPDJ,65.99
MP0861,B09LHPY6P5,22.95
MP0861,B09MVKJHFF,32.05
MP0861,B09TQSQL6T,39.99
MP0861,B0BGXMBRV6,20.99
MP0861,B0BJJKHVHC,25.99
MP0861,B0BJKN6VFH,20.99
MP0861,B0BP4GV1TM,39.97
MP0861,B0BXDGM4ST,31.99
MP0861,B0BXQT9FV8,39.95
MP0861,B0BXQT9FV8,39.95
MP0861,B0BXQT9FV8,39.95
MP0861,B0BZ8L5QXS,49.99
MP0861,B0C1GKC6CM,24.99
MP0861,B0C4KH6S8D,30.99
MP0861,B0C5RDNMS2,35.99
MP0861,B0CD41DQ5Q,30.99
MP0861,B0CJRB184N,39.59
MP0861,B0CKZ3XKH1,20.29
MP0861,B0CLP6ZJ7L,28.99
MP0861,B0CM5YLW4J,24.99
MP0861,B0CN2SCT9D,27.99
MP0861,B0CP1QYC3P,27.99
MP0861,B0CP1QYC3P,27.99
MP0861,B0CP1QYC3P,27.99
MP0861,B0CP7ZYZ9L,11.09
MP0861,B0CP7ZYZ9L,11.09
MP0861,B0CP7ZYZ9L,11.09
MP0861,B0CQ3R4KNS,37.99
MP0861,B0CQ3R4KNS,37.99
MP0861,B0CQ3R4KNS,37.99
MP0861,B0CQ3R4KNS,37.99
MP0861,B0CQ3R4KNS,37.99
MP0861,B0CQ3R4KNS,37.99
MP0861,B0CQ3R4KNS,37.99
MP0861,B0CQV66XSF,26.05
MP0861,B0CRP9ZWC1,19.99
MP0861,B0CTCKSJKZ,14.99
MP0861,B0CTCKSJKZ,14.99
MP0861,B0CTCKSJKZ,14.99
MP0861,B0CTCKSJKZ,14.99
MP0861,B0CTZX9MQN,12.60
MP0861,B0CTZXP4HS,10.08
MP0861,B0CTZXP4HS,10.08
MP0861,B0CTZXP4HS,10.08
MP0861,B0CWL8RL52,28.99
MP0861,B0CWL8RL52,28.99
MP0861,B0CWL8RL52,28.99
MP0861,B0CWL8RL52,28.99
MP0861,B0CWNXLCRF,10.99
MP0861,B0CWNXNRGY,9.99
MP0861,B0CWNXNRGY,9.99
MP0861,B0CXJ1R4X7,16.14
MP0861,B0CYZV5VB7,28.99
MP0861,B0D2L1NDL2,17.99
MP0861,B0D2Q5MD5K,39.99
MP0861,B0D41NHZ7L,23.66
MP0861,B0D4JQT2P8,116.27
MP0861,B0D5HSG3XQ,36.84
MP0861,B0D7CCXZMX,85.13
MP0861,B0D7ZKG5VX,101.29
MP0861,B0D7ZKG5VX,101.29
MP0861,B0D9YD1T22,39.52
MP0861,B0DCG3X3C7,28.89
MP0861,B0DDS3KZJ9,13.99
MP0861,B0DFYJKSGY,49.99
MP0861,B0DG2NKNF9,29.80
MP0861,B0DGSPW72Y,12.60
MP0861,B0DGSPW72Y,12.60
MP0861,B0DK3BWK49,35.99
MP0861,B0DKX3FDMB,27.92
MP0861,B0DLK1D3FD,17.54
MP0861,B0DLK1D3FD,17.54
MP0861,B0DLK1D3FD,17.54
MP0861,B0DLK1D3FD,17.54
MP0861,B0DLK1D3FD,17.54
MP0861,B0DLK1D3FD,17.54
MP0861,B0DLK1D3FD,17.54
MP0861,B0DLK1D3FD,17.54
MP0861,B0DLK1D3FD,17.54
MP0861,B0DLK1D3FD,17.54
MP0861,B0DLK1D3FD,17.54
MP0861,B0DP2ZT6DQ,34.90
MP0861,B0DP2ZT6DQ,34.90
MP0861,B0DPZ5V2N2,49.99
MP0861,B0DR2D3RWQ,39.99
MP0861,B0DR2HZM3H,44.99
MP0861,B0DRYDJ8PQ,36.13
MP0861,B0DRYFVJPJ,19.99
MP0861,B0DS25ZVFK,35.99
MP0861,B0DXBRB5T1,24.29
MP0861,B0DY6Z7ZRD,49.99
MP0861,B0DY7TKK6L,28.74
MP0861,B0DY7WL3T4,65.99
MP0861,B0DZXKBYBP,25.20
MP0861,B0F28LNQXH,69.99
MP0861,B0F2LQLGV3,21.99
MP0861,B0F2MKB8BH,20.79
MP0861,B0F4RV715Y,49.99
MP0861,B0F6CT4F8W,30.24
MP0861,B0F8HZDWS8,49.00
MP0861,B0FCMNKKC3,65.99
MP0861,B0FCMNKKC3,65.99
MP0861,B0FDQBQRYH,37.19
MP0861,B0FDQGXZ17,37.99
MP0861,B0FDQGXZ17,37.99
MP0861,B0FDQGXZ17,37.99
MP0861,B0FDQGXZ17,37.99
MP0861,B0FHNFWK9C,14.99
MP0861,B0FHNVBRM2,19.99
MP0861,B0FHP1DVMN,14.99
MP0861,B0FRG53D2D,31.34
MP0861,B0G1YKSH36,22.99
MP0894,B07ZCLSS8C,20.59
MP0894,B082M83GXW,33.61
MP0894,B083SN69WJ,29.99
MP0894,B085444SZ9,29.99
MP0894,B088M2XTH5,39.99
MP0894,B088M2XTH5,39.99
MP0894,B088M2XTH5,39.99
MP0894,B088M2XTH5,39.99
MP0894,B08B7ZS86R,39.99
MP0894,B08MJFV4X5,14.99
MP0894,B08MJFV4X5,14.99
MP0894,B08MJFV4X5,14.99
MP0894,B08MJFV4X5,14.99
MP0894,B08YYSCTFM,44.99
MP0894,B0964HCVG9,28.56
MP0894,B09DD3G8BM,14.36
MP0894,B09FPG1XC2,20.99
MP0894,B09FY5CDYW,29.98
MP0894,B09G9G8CYL,35.99
MP0894,B09XF7BCXT,37.99
MP0894,B0B1CC2XBY,25.99
MP0894,B0B1QBC7RP,26.99
MP0894,B0B56CXQW7,19.99
MP0894,B0BFKK575T,30.99
MP0894,B0BHVYV456,32.99
MP0894,B0BJKKPZTG,29.99
MP0894,B0BKK1PC1S,57.40
MP0894,B0BPHSCYSS,17.64
MP0894,B0C1R9M9WY,53.99
MP0894,B0C5D59T8S,11.72
MP0894,B0C6FJPX4W,19.98
MP0894,B0C6KQBMLL,29.85
MP0894,B0C6XGB21K,19.30
MP0894,B0C85BJ5MQ,23.99
MP0894,B0C85BJ5MQ,23.99
MP0894,B0CB45QVGQ,26.99
MP0894,B0CDS8GM4R,27.99
MP0894,B0CGR7YS73,50.99
MP0894,B0CJQVZT72,18.99
MP0894,B0CNT26KYZ,34.99
MP0894,B0CP1QYC3P,27.99
MP0894,B0CP1QYC3P,27.99
MP0894,B0CQJYVFH6,23.52
MP0894,B0CT54SDLR,53.99
MP0894,B0CTZX8T23,8.39
MP0894,B0CTZX8T23,8.39
MP0894,B0CTZX8T23,8.39
MP0894,B0CTZX8T23,8.39
MP0894,B0CTZX8T23,8.39
MP0894,B0CTZX8T23,8.39
MP0894,B0CTZX8T23,8.39
MP0894,B0CTZX9GWR,10.08
MP0894,B0CTZX9GWR,10.08
MP0894,B0CVX134RD,32.99
MP0894,B0CVX134RD,32.99
MP0894,B0CVX134RD,32.99
MP0894,B0CVX14ZN2,32.99
MP0894,B0CWNXNRGY,9.99
MP0894,B0CXDXCXDL,15.12
MP0894,B0CYPWXJHT,23.45
MP0894,B0CZ639HGD,18.89
MP0894,B0CH3V3MRY,39.90
MP0894,B0CHMG8BN2,26.99
MP0894,B0D1N29Z3Z,30.64
MP0894,B0D2VMT16Z,39.99
MP0894,B0D33LYH3P,38.99
MP0894,B0D33M6471,38.99
MP0894,B0D7PZ9P6X,26.99
MP0894,B0D7PZ9P6X,26.99
MP0894,B0D9FRDP9F,36.23
MP0894,B0D9FRDP9F,36.23
MP0894,B0D9FRVDY8,36.23
MP0894,B0D9FRVDY8,36.23
MP0894,B0D9FRVDY8,36.23
MP0894,B0DCG7HCDJ,48.89
MP0894,B0DF23T3ZL,21.84
MP0894,B0DJ8HY1JQ,43.99
MP0894,B0DKX9LP8K,23.39
MP0894,B0DM99JK33,24.99
MP0894,B0DM99JK33,24.99
MP0894,B0DNJH6Q9T,16.99
MP0894,B0DP5G5FNB,35.99
MP0894,B0DPNCLSFC,13.95
MP0894,B0DPX2VMX8,19.99
MP0894,B0DPX2VMX8,19.99
MP0894,B0DPX2VMX8,19.99
MP0894,B0DPX2VMX8,19.99
MP0894,B0DPX2VMX8,19.99
MP0894,B0DPX2VMX8,19.99
MP0894,B0DPX2VMX8,19.99
MP0894,B0DPX2VMX8,19.99
MP0894,B0DPX2VMX8,19.99
MP0894,B0DPX2VMX8,19.99
MP0894,B0DPX2VMX8,19.99
MP0894,B0DPX2VMX8,19.99
MP0894,B0DPX2VMX8,19.99
MP0894,B0DPX2VMX8,19.99
MP0894,B0DPX2VMX8,19.99
MP0894,B0DRWBKCDL,31.99
MP0894,B0DRWBKCDL,31.99
MP0894,B0DTXKV2M8,38.71
MP0894,B0DZXKBYBP,25.20
MP0894,B0F138YSVZ,32.99
MP0894,B0F186S2N9,39.99
MP0894,B0F1D6J3D6,29.87
MP0894,B0F1DDH6PT,15.63
MP0894,B0F6T3M1CX,54.99
MP0894,B0F88J2CPC,43.23
MP0894,B0F9468JBH,25.49
MP0894,B0FB3VDKJD,48.93
MP0894,B0FB3VDKJD,48.93
MP0894,B0FDQBQRYH,37.19
MP0894,B0FG2KPM58,25.20
MP0894,B0FG82D2QL,50.99
MP0894,B0FG82D2QL,50.99
MP0894,B0FJ1HH5BK,31.92
MP0894,B0FJPLZMXS,25.18
MP0894,B0FJR23C42,25.00
MP0898,B07CQHWNZX,17.99
MP0898,B07CQHWNZX,17.99
MP0898,B07CQHWNZX,17.99
MP0898,B07CQHWNZX,17.99
MP0898,B07CQHWNZX,17.99
MP0898,B07CQHWNZX,17.99
MP0898,B07CQHWNZX,17.99
MP0898,B07CQHWNZX,17.99
MP0898,B07CQHWNZX,17.99
MP0898,B07CQHWNZX,17.99
MP0898,B07CQHWNZX,17.99
MP0898,B07CQHWNZX,17.99
MP0898,B07CQHWNZX,17.99
MP0898,B07CQHWNZX,17.99
MP0898,B07CQHWNZX,17.99
MP0898,B07CQHWNZX,17.99
MP0898,B07CQHWNZX,17.99
MP0898,B07FL4TJRB,48.99
MP0898,B07GB6V913,29.95
MP0898,B07GB6V913,29.95
MP0898,B07JM56TD6,11.84
MP0898,B07JM56TD6,11.84
MP0898,B07PX4HMKD,24.99
MP0898,B083TYHNQX,16.99
MP0898,B08LBB9BD7,26.67
MP0898,B08NLVS79P,20.91
MP0898,B08PFKX37Q,19.99
MP0898,B08QMH1H98,27.99
MP0898,B08V5K3RMQ,115.00
MP0898,B08VR9W11V,25.68
MP0898,B08XP68MYX,21.22
MP0898,B0914ZC2Y9,28.49
MP0898,B098K19BTH,35.99
MP0898,B09W47HM49,46.49
MP0898,B0BX586119,42.99
MP0898,B0BZ7YP6L9,42.99
MP0898,B0BZVSWDY9,32.95
MP0898,B0BZYK9DLQ,39.45
MP0898,B0C342TWYL,21.24
MP0898,B0C6XP6L34,32.99
MP0898,B0CL3W6RV3,50.95
MP0898,B0CPP4WBYC,25.99
MP0898,B0CPP4WBYC,25.99
MP0898,B0CPP4WBYC,25.99
MP0898,B0CPP4WBYC,25.99
MP0898,B0CPP4WBYC,25.99
MP0898,B0CPP4WBYC,25.99
MP0898,B0CPP4WBYC,25.99
MP0898,B0CPP4WBYC,25.99
MP0898,B0CPP4WBYC,25.99
MP0898,B0CPP4WBYC,25.99
MP0898,B0CPP4WBYC,25.99
MP0898,B0CPP4WBYC,25.99
MP0898,B0CPP4WBYC,25.99
MP0898,B0CPP4WBYC,25.99
MP0898,B0CPP96ZPB,25.99
MP0898,B0CT5W2VHK,9.99
MP0898,B0CW6749NV,22.74
MP0898,B0CW6749NV,22.74
MP0898,B0CW6749NV,22.74
MP0898,B0CW6749NV,22.74
MP0898,B0CW6749NV,22.74
MP0898,B0D228R4PK,16.93
MP0898,B0D228R4PK,16.93
MP0898,B0D2299MPT,21.99
MP0898,B0D229ZTJ9,16.93
MP0898,B0D44XML5S,44.70
MP0898,B0D44XML5S,44.70
MP0898,B0D44XML5S,44.70
MP0898,B0D44XML5S,44.70
MP0898,B0D5MB3PZS,41.39
MP0898,B0D92CQ6RC,44.44
MP0898,B0DK1JHG23,31.33
MP0898,B0DK33197X,62.79
MP0898,B0DM1QCKKV,19.99
MP0898,B0DM1QCKKV,19.99
MP0898,B0DM1QCKKV,19.99
MP0898,B0DM1QCKKV,19.99
MP0898,B0DM1RB6TX,19.99
MP0898,B0DM1RB6TX,19.99
MP0898,B0DM8HT74R,23.99
MP0898,B0DQ3QWZDP,9.99
MP0898,B0DS28LBMR,29.99
MP0898,B0DSK463HY,10.99
MP0898,B0DVYYH24D,18.99
MP0898,B0DVYYH24D,18.99
MP0898,B0DVYYH24D,18.99
MP0898,B0DVYYH24D,18.99
MP0898,B0DVYYH24D,18.99
MP0898,B0DVYYH24D,18.99
MP0898,B0DVYZ1KDV,18.99
MP0898,B0DVYZBDGG,18.99
MP0898,B0DVYZBDGG,18.99
MP0898,B0DVYZBDGG,18.99
MP0898,B0DVYZBDGG,18.99
MP0898,B0DVYZBDGG,18.99
MP0898,B0DVYZBDGG,18.99
MP0898,B0DVYZBDGG,18.99
MP0898,B0DVYZBDGG,18.99
MP0898,B0DVYZBDGG,18.99
MP0898,B0DVYZBDGG,18.99
MP0898,B0DVYZBDGG,18.99
MP0898,B0DVYZBDGG,18.99
MP0898,B0DVYZBDGG,18.99
MP0898,B0DVYZBDGG,18.99
MP0898,B0DVYZBDGG,18.99
MP0898,B0DVYZBDGG,18.99
MP0898,B0DVYZBDGG,18.99
MP0898,B0DVYZBDGG,18.99
MP0898,B0DVYZBDGG,18.99
MP0898,B0DVYZBDGG,18.99
MP0898,B0DVYZBDGG,18.99
MP0898,B0DVYZBDGG,18.99
MP0898,B0DVYZBDGG,18.99
MP0898,B0DVYZBDGG,18.99
MP0898,B0DVYZFV5C,18.99
MP0898,B0DVZ3Y7J5,18.99
MP0898,B0DVZ3Y7J5,18.99
MP0898,B0DVZ3Y7J5,18.99
MP0898,B0DVZ3Y7J5,18.99
MP0898,B0DVZ3Y7J5,18.99
MP0898,B0DVZ3Y7J5,18.99
MP0898,B0DVZ3Y7J5,18.99
MP0898,B0DVZ3Y7J5,18.99
MP0898,B0DVZ3Y7J5,18.99
MP0898,B0DVZ3Y7J5,18.99
MP0898,B0DVZ3Y7J5,18.99
MP0898,B0DVZ3Y7J5,18.99
MP0898,B0DVZ3Y7J5,18.99
MP0898,B0DVZ3Y7J5,18.99
MP0898,B0DVZ3Y7J5,18.99
MP0898,B0DVZ3Y7J5,18.99
MP0898,B0DVZ4PC4J,18.99
MP0898,B0DVZ4PC4J,18.99
MP0898,B0DVZ4PC4J,18.99
MP0898,B0DVZ4PC4J,18.99
MP0898,B0DVZ4PC4J,18.99
MP0898,B0DVZ4PC4J,18.99
MP0898,B0DVZ8B9X3,18.99
MP0898,B0DVZ8B9X3,18.99
MP0898,B0DVZ8B9X3,18.99
MP0898,B0DVZ8B9X3,18.99
MP0898,B0DVZ8B9X3,18.99
MP0898,B0DVZB37SX,18.99
MP0898,B0DVZB37SX,18.99
MP0898,B0DVZB37SX,18.99
MP0898,B0DVZB37SX,18.99
MP0898,B0DVZB37SX,18.99
MP0898,B0DVZB37SX,18.99
MP0898,B0DVZB37SX,18.99
MP0898,B0DVZB37SX,18.99
MP0898,B0DVZB37SX,18.99
MP0898,B0DVZB37SX,18.99
MP0898,B0DVZB37SX,18.99
MP0898,B0DVZB37SX,18.99
MP0898,B0DVZB37SX,18.99
MP0898,B0DVZB37SX,18.99
MP0898,B0DVZB37SX,18.99
MP0898,B0DVZB37SX,18.99
MP0898,B0DVZB37SX,18.99
MP0898,B0DVZB37SX,18.99
MP0898,B0DVZB37SX,18.99
MP0898,B0F186DXXT,55.99
MP0898,B0F186DXXT,55.99
MP0898,B0F186DXXT,55.99
MP0898,B0F186QNN6,55.99
MP0898,B0F186QNN6,55.99
MP0898,B0F186QNN6,55.99
MP0898,B0F186QNN6,55.99
MP0898,B0F186QNN6,55.99
MP0898,B0F186QNN6,55.99
MP0898,B0F186QNN6,55.99
MP0898,B0F18BKH9S,55.99
MP0898,B0F18BKH9S,55.99
MP0898,B0F18BKH9S,55.99
MP0898,B0F18BKH9S,55.99
MP0898,B0F18LRNPW,55.99
MP0898,B0F18LRNPW,55.99
MP0898,B0F18LRNPW,55.99
MP0898,B0F191XZ2P,55.99
MP0898,B0F191XZ2P,55.99
MP0898,B0F1JLM2ZH,49.99
MP0898,B0F1JLM2ZH,49.99
MP0898,B0F1JPYFLB,49.99
MP0898,B0F1JPYFLB,49.99
MP0898,B0F1JPYFLB,49.99
MP0898,B0F1JPYFLC,49.99
MP0898,B0F1JPYFLC,49.99
MP0898,B0F1JPYFLC,49.99
MP0898,B0F1JPYFLC,49.99
MP0898,B0F1JPYFLC,49.99
MP0898,B0F1JPYFLC,49.99
MP0898,B0F1JPYFLC,49.99
MP0898,B0F1JPYFLC,49.99
MP0898,B0F1JPYFLC,49.99
MP0898,B0F1JPYFLC,49.99
MP0898,B0F1JQQHHX,49.99
MP0898,B0F1JSP1QP,49.99
MP0898,B0F1JSP1QP,49.99
MP0898,B0F1JSP1QP,49.99
MP0898,B0F1JSP1QP,49.99
MP0898,B0F1JSP1QP,49.99
MP0898,B0F1JSSZH2,49.99
MP0898,B0F1JSSZH2,49.99
MP0898,B0F1K2B7XG,49.99
MP0898,B0F1K2B7XG,49.99
MP0898,B0FB89YH9P,43.99
MP0898,B0FM3P66P3,41.39
MP0922,B0196G5210,44.99
MP0922,B0196K0WLQ,44.99
MP0922,B078KW6P45,35.14
MP0922,B07MBX9CLQ,13.99
MP0922,B07X2PLCF6,49.98
MP0922,B08KZWV5MT,41.99
MP0922,B08MJFV4X5,14.99
MP0922,B08MJFV4X5,14.99
MP0922,B08MJFV4X5,14.99
MP0922,B08MJFV4X5,14.99
MP0922,B08MJFV4X5,14.99
MP0922,B08MJFV4X5,14.99
MP0922,B08YRKTTLN,19.99
MP0922,B0963XHLWK,25.49
MP0922,B0967TZGWM,24.19
MP0922,B09FLGPWZ6,56.51
MP0922,B09FY5CDYW,29.98
MP0922,B09PYYLX92,34.98
MP0922,B09PYYLX92,34.98
MP0922,B09XJX4TVD,59.99
MP0922,B0B8CXZRRP,43.99
MP0922,B0BBQN58LZ,33.99
MP0922,B0BJKKPZTG,29.99
MP0922,B0BNLPVJY9,39.99
MP0922,B0BP9XQWNP,31.99
MP0922,B0BW9LQ66B,14.99
MP0922,B0BXP6VM1V,35.99
MP0922,B0BXQT9FV8,39.95
MP0922,B0C1NL1NN6,30.99
MP0922,B0C1YTHN3S,53.52
MP0922,B0C2VGDLTQ,14.76
MP0922,B0C6KQBMLL,29.85
MP0922,B0C85BJ5MQ,23.99
MP0922,B0CFHDR424,31.58
MP0922,B0CFHKW1TD,49.99
MP0922,B0CFPVRY4Y,23.99
MP0922,B0CFQDLJT2,50.79
MP0922,B0CGX1QDPR,25.64
MP0922,B0CGX1QDPR,25.64
MP0922,B0CJ9DN7PH,30.99
MP0922,B0CJQW6DLH,26.99
MP0922,B0CL1H81BW,39.99
MP0922,B0CL1H81BW,39.99
MP0922,B0CL9MLS34,34.99
MP0922,B0CLLP49V5,45.99
MP0922,B0CNGMB8LP,35.99
MP0922,B0CNGMB8LP,35.99
MP0922,B0CNGMB8LP,35.99
MP0922,B0CP3V92YZ,36.99
MP0922,B0CP9658FR,36.99
MP0922,B0CQ3R4KNS,37.99
MP0922,B0CQ3R4KNS,37.99
MP0922,B0CQ3R4KNS,37.99
MP0922,B0CQ3R4KNS,37.99
MP0922,B0CQ3R4KNS,37.99
MP0922,B0CQ3R4KNS,37.99
MP0922,B0CQ4YFPGB,24.99
MP0922,B0CSPQQP7B,27.72
MP0922,B0CYH3VW5Q,33.99
MP0922,B0CHJN6GVK,41.99
MP0922,B0D12Z59HJ,29.99
MP0922,B0D3PZSTQM,32.39
MP0922,B0D3QFKLPY,24.99
MP0922,B0D3XFG9BY,39.98
MP0922,B0D61PZWRM,39.85
MP0922,B0D61PZWRM,39.85
MP0922,B0D61PZWRM,39.85
MP0922,B0D62L3JWX,42.99
MP0922,B0D62L3JWX,42.99
MP0922,B0D62L3JWX,42.99
MP0922,B0DB1ZRGLS,30.99
MP0922,B0DCBZ8Z2J,25.99
MP0922,B0DFYJKSGY,49.99
MP0922,B0DJNTDVW1,22.09
MP0922,B0DK6KNM1R,27.99
MP0922,B0DKJ5R2V8,18.99
MP0922,B0DKN58SMW,55.99
MP0922,B0DMVK7YX1,44.25
MP0922,B0DPJCP3Q3,37.94
MP0922,B0DRTVK9QJ,22.99
MP0922,B0DZCQ28BK,36.99
MP0922,B0DZX3H98G,18.99
MP0922,B0F18JWPXT,9.24
MP0922,B0F2DQ2B67,40.99
MP0922,B0F2SL1DZ1,6.71
MP0922,B0F2SL1DZ1,6.71
MP0922,B0F3W6B3ZC,49.89
MP0922,B0F4JJCPTN,46.15
MP0922,B0F543FS8C,34.99
MP0922,B0F6CT4F8W,30.24
MP0922,B0F6JRP65T,34.99
MP0922,B0F8NYN745,29.99
MP0922,B0FBRDHLCK,54.29
MP0922,B0FDQJ7971,29.36
MP0922,B0FDQKCT1Y,30.32
MP0922,B0FF9K265L,39.99
MP0924,B09JC86WNK,41.99
MP0924,B09JC86WNK,41.99
MP0924,B09JC86WNK,41.99
MP0924,B09JC86WNK,41.99
MP0924,B09JC86WNK,41.99
MP0924,B09JC86WNK,41.99
MP0924,B09JC86WNK,41.99
MP0924,B09JC86WNK,41.99
MP0924,B09JC86WNK,41.99
MP0924,B09JC86WNK,41.99
MP0924,B09JC86WNK,41.99
MP0924,B09JC86WNK,41.99
MP0924,B09JC86WNK,41.99
MP0924,B09JC86WNK,41.99
MP0924,B09JC86WNK,41.99
MP0924,B09JC86WNK,41.99
MP0924,B09JC86WNK,41.99
MP0924,B09JC86WNK,41.99
MP0924,B09JC86WNK,41.99
MP0924,B09JC86WNK,41.99
MP0924,B09JC86WNK,41.99
MP0924,B09JC86WNK,41.99
MP0924,B09JC86WNK,41.99
MP0924,B09JC86WNK,41.99
MP0924,B09JC86WNK,41.99
MP0924,B09JC86WNK,41.99
MP0924,B09JC86WNK,41.99
MP0924,B09JC86WNK,41.99
MP0924,B09JC86WNK,41.99
MP0924,B09JC86WNK,41.99
MP0924,B09JC86WNK,41.99
MP0924,B09JC86WNK,41.99
MP0924,B09JC86WNK,41.99
MP0924,B09JC86WNK,41.99
MP0924,B09JC86WNK,41.99
MP0924,B09JC86WNK,41.99
MP0924,B09JC86WNK,41.99
MP0924,B09JC86WNK,41.99
MP0924,B09JC86WNK,41.99
MP0924,B09JC86WNK,41.99
MP0924,B09JC86WNK,41.99
MP0924,B09JC86WNK,41.99
MP0924,B09JC86WNK,41.99
MP0924,B09JC86WNK,41.99
MP0924,B09JC86WNK,41.99
MP0924,B09JC86WNK,41.99
MP0924,B09JC86WNK,41.99
MP0924,B09JC86WNK,41.99
MP0924,B09JC86WNK,41.99
MP0924,B09JC86WNK,41.99
MP0924,B09JC86WNK,41.99
MP0924,B09JC86WNK,41.99
MP0924,B09JC86WNK,41.99
MP0924,B09JC86WNK,41.99
MP0924,B09JC86WNK,41.99
MP0924,B09JC86WNK,41.99
MP0924,B09JC86WNK,41.99
MP0924,B09JC86WNK,41.99
MP0924,B09JC86WNK,41.99
MP0924,B09JC86WNK,41.99
MP0924,B09JC86WNK,41.99
MP0924,B09JC86WNK,41.99
MP0924,B09JC86WNK,41.99
MP0924,B09JC86WNK,41.99
MP0924,B09JC86WNK,41.99
MP0925,B09JC86WNK,41.99
MP0925,B09JC86WNK,41.99
MP0925,B09JC86WNK,41.99
MP0925,B09JC86WNK,41.99
MP0925,B09JC86WNK,41.99
MP0925,B09JC86WNK,41.99
MP0925,B09JC86WNK,41.99
MP0925,B09JC86WNK,41.99
MP0925,B09JC86WNK,41.99
MP0925,B09JC86WNK,41.99
MP0925,B09JC86WNK,41.99
MP0925,B09JC86WNK,41.99
MP0925,B09JC86WNK,41.99
MP0925,B09JC86WNK,41.99
MP0925,B09JC86WNK,41.99
MP0925,B09JC86WNK,41.99
MP0925,B09JC86WNK,41.99
MP0925,B09JC86WNK,41.99
MP0925,B09JC86WNK,41.99
MP0925,B09JC86WNK,41.99
MP0925,B09JC86WNK,41.99
MP0925,B09JC86WNK,41.99
MP0925,B09JC86WNK,41.99
MP0925,B09JC86WNK,41.99
MP0925,B09JC86WNK,41.99
MP0925,B09JC86WNK,41.99
MP0925,B09JC86WNK,41.99
MP0925,B09JC86WNK,41.99
MP0925,B09JC86WNK,41.99
MP0925,B09JC86WNK,41.99
MP0925,B09JC86WNK,41.99
MP0925,B09JC86WNK,41.99
MP0925,B09JC86WNK,41.99
MP0925,B09JC86WNK,41.99
MP0925,B09JC86WNK,41.99
MP0925,B09JC86WNK,41.99
MP0925,B09JC86WNK,41.99
MP0925,B09JC86WNK,41.99
MP0925,B09JC86WNK,41.99
MP0925,B09JC86WNK,41.99
MP0925,B09JC86WNK,41.99
MP0925,B09JC86WNK,41.99
MP0925,B09JC86WNK,41.99
MP0925,B09JC86WNK,41.99
MP0925,B09JC86WNK,41.99
MP0925,B09JC86WNK,41.99
MP0925,B09JC86WNK,41.99
MP0925,B09JC86WNK,41.99
MP0925,B09JC86WNK,41.99
MP0925,B09JC86WNK,41.99
MP0925,B09JC86WNK,41.99
MP0925,B09JC86WNK,41.99
MP0925,B09JC86WNK,41.99
MP0925,B09JC86WNK,41.99
MP0925,B09JC86WNK,41.99
MP0925,B09JC86WNK,41.99
MP0925,B09JC86WNK,41.99
MP0925,B09JC86WNK,41.99
MP0925,B09JC86WNK,41.99
MP0925,B09JC86WNK,41.99
MP0925,B09JC86WNK,41.99
MP0925,B09JC86WNK,41.99
MP0925,B09JC86WNK,41.99
MP0925,B09JC86WNK,41.99
MP0925,B09JC86WNK,41.99
MP0925,B09JC86WNK,41.99
MP0925,B09JC86WNK,41.99
MP0925,B09JC86WNK,41.99
MP0925,B09JC86WNK,41.99
MP0925,B09JC86WNK,41.99
MP0925,B09JC86WNK,41.99
MP0925,B09JC86WNK,41.99
MP0925,B09JC86WNK,41.99
MP0925,B09JC86WNK,41.99
MP0925,B09JC86WNK,41.99
MP0925,B09JC86WNK,41.99
MP0925,B09JC86WNK,41.99
MP0925,B09JC86WNK,41.99
MP0925,B09JC86WNK,41.99
MP0925,B09JC86WNK,41.99
MP0925,B09JC86WNK,41.99
MP0925,B09JC86WNK,41.99
MP0925,B09JC86WNK,41.99
MP0925,B09JC86WNK,41.99
MP0925,B09JC86WNK,41.99
MP0925,B09JC86WNK,41.99
MP0925,B09JC86WNK,41.99
MP0925,B09JC86WNK,41.99
MP0925,B0B56N373D,109.99
MP0930,B0196K0WLQ,44.99
MP0930,B078JBYZM7,69.99
MP0930,B083FFP8MW,35.99
MP0930,B088M3H73N,45.99
MP0930,B08H4SZJTT,19.99
MP0930,B08H4SZJTT,19.99
MP0930,B08H4ZSHB8,21.22
MP0930,B092QKZT5C,27.97
MP0930,B09CPP9TJN,45.62
MP0930,B09F9NPMG4,37.99
MP0930,B09FLGPWZ6,56.51
MP0930,B09FLGPWZ6,56.51
MP0930,B09FLGPWZ6,56.51
MP0930,B09FY34TM2,34.98
MP0930,B09JKGFDVB,27.97
MP0930,B09JWR9B7D,18.68
MP0930,B09XF38JS2,37.99
MP0930,B09XF38JS2,37.99
MP0930,B09YCKJPNS,27.53
MP0930,B0BG2BDHVJ,29.99
MP0930,B0BG2BDHVJ,29.99
MP0930,B0BG2BDHVJ,29.99
MP0930,B0BM4BX759,36.99
MP0930,B0BS92NRH1,23.99
MP0930,B0BZ3P5864,23.99
MP0930,B0C9SYBXKJ,24.35
MP0930,B0C9SYBXKJ,24.35
MP0930,B0C9SYBXKJ,24.35
MP0930,B0CGZZB5P4,26.70
MP0930,B0CNCN4F2L,16.99
MP0930,B0CNGMB8LP,35.99
MP0930,B0CNGMB8LP,35.99
MP0930,B0CP2DD6HC,26.95
MP0930,B0CPSNWHX6,16.99
MP0930,B0CY1XFXCX,29.99
MP0930,B0CY27Y9DH,11.59
MP0930,B0CYGZ73B5,21.59
MP0930,B0D2XDRK7K,51.03
MP0930,B0D46QMMNG,24.99
MP0930,B0D5GD9DBT,35.99
MP0930,B0D7GQZG84,45.33
MP0930,B0D8XW5MVL,33.99
MP0930,B0D97WQ9RF,19.99
MP0930,B0DB27K2HV,24.99
MP0930,B0DB27K2HV,24.99
MP0930,B0DD7NV6JC,35.99
MP0930,B0DD7NV6JC,35.99
MP0930,B0DD7NV6JC,35.99
MP0930,B0DF7SCB7P,40.99
MP0930,B0DFSHRRWP,14.28
MP0930,B0DH2CXXND,52.28
MP0930,B0DHL4PDCC,24.99
MP0930,B0DHZPT62V,19.00
MP0930,B0DNSMQ9W9,28.99
MP0930,B0DNSQXZPG,19.99
MP0930,B0DPZNFR2Q,30.99
MP0930,B0DRWC5T1W,31.99
MP0930,B0DYN6LX5G,21.99
MP0930,B0DZCBZBPN,28.13
MP0930,B0DZCBZBPN,28.13
MP0930,B0DZCHN1J1,31.45
MP0930,B0F183RH5N,34.90
MP0930,B0F5GPSR4P,26.99
MP0930,B0F5WKX5DY,42.99
MP0930,B0F6V185WT,17.89
MP0930,B0F6V8V7B6,32.99
MP0930,B0F7KQFMGL,19.99
MP0930,B0F7XQPB44,22.99
MP0930,B0F8QSHG8D,85.49
MP0930,B0FC2B49VF,29.99
MP0930,B0FC6X2L3Y,15.96
MP0930,B0FGCN7743,9.99
MP0930,B0FGCN7743,9.99
MP0930,B0FHNVBRM2,19.99
MP0930,B0FHPFXQ5P,28.99
MP0930,B0FJ8H96BF,19.87
MP0930,B0FJR23C42,25.00
MP0941,B0036ZFKT2,9.89
MP0941,B004LY1YX8,12.99
MP0941,B004M42K9E,14.42
MP0941,B00TE40DVY,14.50
MP0941,B00TE40DVY,14.50
MP0941,B00TE4EHLG,13.05
MP0941,B00Z6AOHO4,22.48
MP0941,B01D1YIS3C,17.98
MP0941,B01MQNRW73,15.75
MP0941,B06XCB74FL,14.99
MP0941,B0716XCBZW,17.99
MP0941,B077XWKRTG,21.79
MP0941,B07BNVTY6Q,14.42
MP0941,B07FDBPM7X,7.49
MP0941,B07FJZ9BY8,17.99
MP0941,B07RCSPLP5,12.18
MP0941,B07TSDW655,10.08
MP0941,B07TTJD3G3,12.99
MP0941,B07V6JLLZQ,12.69
MP0941,B084QQ6TYN,12.90
MP0941,B084QQ6TYN,12.90
MP0941,B087NPWG3J,11.19
MP0941,B08C73BCW6,17.59
MP0941,B08C9F7FQ9,10.89
MP0941,B08DFJGCM6,10.24
MP0941,B08HMJW4QJ,10.99
MP0941,B08HYHBMJT,13.99
MP0941,B08MTTG142,7.46
MP0941,B08QCTVZFY,13.98
MP0941,B08SJKP4X2,8.59
MP0941,B08SJKP4X2,8.59
MP0941,B08SJKP4X2,8.59
MP0941,B08YN7X84Q,13.99
MP0941,B08YN7X84Q,13.99
MP0941,B093L26WSF,6.98
MP0941,B09B26GF1W,17.99
MP0941,B09CQ9FFQD,10.59
MP0941,B09DG1HKJT,10.82
MP0941,B09FL89CZB,12.34
MP0941,B09J2JFHJH,18.99
MP0941,B09MTY8939,12.99
MP0941,B09P4YXJ5P,15.99
MP0941,B09R4X3RYR,14.99
MP0941,B09TXD66JY,17.99
MP0941,B09V86QC9S,12.99
MP0941,B09W9867V2,11.39
MP0941,B09W9867V2,11.39
MP0941,B09W9867V2,11.39
MP0941,B09W9867V2,11.39
MP0941,B09W9867V2,11.39
MP0941,B09WQ5GHCZ,17.99
MP0941,B09YPTP25Q,9.12
MP0941,B09YPTP25Q,9.12
MP0941,B09YPTP25Q,9.12
MP0941,B09YPV8R5G,9.12
MP0941,B09YPV8R5G,9.12
MP0941,B09YPV8R5G,9.12
MP0941,B09YPV8R5G,9.12
MP0941,B09YPV8R5G,9.12
MP0941,B0B5D6MQWH,10.82
MP0941,B0B5R2F8V7,11.97
MP0941,B0B5RBCDQB,15.99
MP0941,B0B7ZY5HK9,16.99
MP0941,B0B8197MB3,12.51
MP0941,B0B81L5W42,12.74
MP0941,B0B81L5W42,12.74
MP0941,B0B81L5W42,12.74
MP0941,B0B96YZF1B,17.99
MP0941,B0B9711RN3,22.30
MP0941,B0B9711RN3,22.30
MP0941,B0B972KX3W,22.30
MP0941,B0B973Z7NR,7.59
MP0941,B0B974F9QD,21.99
MP0941,B0B9781MZC,11.99
MP0941,B0B9781MZC,11.99
MP0941,B0BBC5BB6X,17.99
MP0941,B0BBW8KZM9,26.99
MP0941,B0BG2GTH8C,9.49
MP0941,B0BGLS5RLF,16.14
MP0941,B0BJTKWQ14,8.99
MP0941,B0BJTKWQ14,8.99
MP0941,B0BJTKWQ14,8.99
MP0941,B0BJTKWQ14,8.99
MP0941,B0BL3XCKZ6,9.99
MP0941,B0BPSQSKB5,7.46
MP0941,B0BPSQSKB5,7.46
MP0941,B0BPSQSKB5,7.46
MP0941,B0BPSQSKB5,7.46
MP0941,B0BPSSXTD2,6.63
MP0941,B0BPSSXTD2,6.63
MP0941,B0BPSSXTD2,6.63
MP0941,B0BPSSXTD2,6.63
MP0941,B0BPSSXTD2,6.63
MP0941,B0BPSSXTD2,6.63
MP0941,B0BPSSXTD2,6.63
MP0941,B0BPSSXTD2,6.63
MP0941,B0BPST2H55,9.99
MP0941,B0BPST2H55,9.99
MP0941,B0BR6J9V9G,8.06
MP0941,B0BR6L7W25,7.88
MP0941,B0BR6L7W25,7.88
MP0941,B0BR6L9FC4,7.46
MP0941,B0BRNKLYBP,6.89
MP0941,B0BRNKLYBP,6.89
MP0941,B0BSNVXB2R,14.99
MP0941,B0BWWV8NY6,22.80
MP0941,B0BXGLGSYL,16.99
MP0941,B0BXGMF2B3,16.99
MP0941,B0BXGPB5NF,19.99
MP0941,B0BXX4YSQG,9.99
MP0941,B0C2TF41Z2,13.93
MP0941,B0C2VD1Z1Y,9.49
MP0941,B0C2VGSYDL,8.99
MP0941,B0C2VH8ZWJ,7.88
MP0941,B0C2VH8ZWJ,7.88
MP0941,B0C2VK142T,9.49
MP0941,B0C2VQTDFQ,9.49
MP0941,B0C2VXPCB8,16.99
MP0941,B0C3CY7H4G,18.99
MP0941,B0C3D3P8GS,14.23
MP0941,B0C3D3P8GS,14.23
MP0941,B0C5RP1JZ6,15.29
MP0941,B0C6D8C1PG,8.46
MP0941,B0C7HCWV4L,5.39
MP0941,B0C7HCWV4L,5.39
MP0941,B0C7HCWV4L,5.39
MP0941,B0C7HDJBQN,5.72
MP0941,B0C7HFFB3F,5.39
MP0941,B0C9TJ6F1M,16.99
MP0941,B0C9TJ6F1M,16.99
MP0941,B0C9TWV9YV,15.99
MP0941,B0CB1G2Y69,13.03
MP0941,B0CCNRNQ81,11.19
MP0941,B0CD1RLY75,15.93
MP0941,B0CF911P6R,15.29
MP0941,B0CF911P6R,15.29
MP0941,B0CF911P6R,15.29
MP0941,B0CGX3SBJF,11.99
MP0941,B0CGX3SBJF,11.99
MP0941,B0CGX3SBJF,11.99
MP0941,B0CGX3SBJF,11.99
MP0941,B0CGX3SBJF,11.99
MP0941,B0CGX3SBJF,11.99
MP0941,B0CGX3SBJF,11.99
MP0941,B0CJJY7S4B,18.08
MP0941,B0CKXGT24Y,11.99
MP0941,B0CKXGT24Y,11.99
MP0941,B0CKZ142WP,11.39
MP0941,B0CKZ142WP,11.39
MP0941,B0CLGCF4FB,9.80
MP0941,B0CLR433F2,11.99
MP0941,B0CLRNPYC5,9.99
MP0941,B0CMZHKSTD,11.99
MP0941,B0CP5FKCFZ,8.16
MP0941,B0CRB571D4,12.99
MP0941,B0CRKPPM68,11.99
MP0941,B0CRKPPM68,11.99
MP0941,B0CWL651QW,10.99
MP0941,B0CY45L3MH,8.19
MP0941,B0CZDBWP2Y,19.99
MP0941,B0CHJKQD1V,15.99
MP0941,B0CHJKQD1V,15.99
MP0941,B0CHJKQD1V,15.99
MP0941,B0CHJKQD1V,15.99
MP0941,B0CHJKQD1V,15.99
MP0941,B0CHJKQD1V,15.99
MP0941,B0CHJLFF9G,15.99
MP0941,B0D145K57B,9.99
MP0941,B0D3H4S8H4,11.39
MP0941,B0D4HZCP5G,10.10
MP0941,B0D4HZQGM9,10.16
MP0941,B0D4JWJ3PV,5.99
MP0941,B0D53X1L6M,17.99
MP0941,B0D676RF24,11.38
MP0941,B0D6FBHCLL,14.44
MP0941,B0D6FBHCLL,14.44
MP0941,B0D6FWD2RZ,14.44
MP0941,B0D6VGVCPY,13.29
MP0941,B0D7BPZ8W6,11.39
MP0941,B0D7BPZ8W6,11.39
MP0941,B0D7BPZ8W6,11.39
MP0941,B0D7BPZ8W6,11.39
MP0941,B0D7BPZ8W6,11.39
MP0941,B0D7BPZ8W6,11.39
MP0941,B0D7BPZ8W6,11.39
MP0941,B0D7BPZ8W6,11.39
MP0941,B0D7BPZ8W6,11.39
MP0941,B0D7T76J2F,7.49
MP0941,B0D7TLCZDW,6.99
MP0941,B0D7TLCZDW,6.99
MP0941,B0D9BG9SZ9,15.99
MP0941,B0D9GSBFH9,15.29
MP0941,B0D9K3KYPN,5.03
MP0941,B0D9LPQJKS,11.99
MP0941,B0DB68MD85,12.90
MP0941,B0DB8KBWBG,19.99
MP0941,B0DB8PWYK6,12.35
MP0941,B0DBZNBDKP,17.99
MP0941,B0DC3MWKHL,11.99
MP0941,B0DCKHDWC9,20.81
MP0941,B0DD48TPV5,5.03
MP0941,B0DDTPFFCJ,5.03
MP0941,B0DFTPRQJT,12.20
MP0941,B0DHGLYM8H,7.99
MP0941,B0DHTHQYQ8,11.99
MP0941,B0DHXX2RRZ,23.99
MP0941,B0DHZYGB22,13.99
MP0941,B0DHZYGHTW,11.06
MP0941,B0DHZZ3BFJ,9.98
MP0941,B0DKHMFK1V,19.99
MP0941,B0DKSXWHR5,19.99
MP0941,B0DN18C65Y,82.84
MP0941,B0DNKG29X8,10.99
MP0941,B0DNZC5RYW,17.99
MP0941,B0DNZC5RYW,17.99
MP0941,B0DPZR51GJ,19.99
MP0941,B0DPZR51GJ,19.99
MP0941,B0DPZR51GJ,19.99
MP0941,B0DPZR51GJ,19.99
MP0941,B0DQTHVHWW,9.49
MP0941,B0DRG7S7MT,12.01
MP0941,B0DT9678DP,15.29
MP0941,B0DT9678DP,15.29
MP0941,B0DT9MY3C2,15.29
MP0941,B0DWSTJ4HS,17.99
MP0941,B0DZBR28C8,12.99
MP0941,B0DZBR28C8,12.99
MP0941,B0DZHB6FN4,10.54
MP0941,B0F192BZ4C,18.99
MP0941,B0F192YSQG,19.99
MP0941,B0F1BXHV4T,13.57
MP0941,B0F1C1KZN5,18.99
MP0941,B0F1FYW3G8,9.59
MP0941,B0F2N12RKX,8.98
MP0941,B0F2N3P938,10.13
MP0941,B0F31TXPM6,15.29
MP0941,B0F31TXPM6,15.29
MP0941,B0F31VKDTQ,15.29
MP0941,B0F31VKDTQ,15.29
MP0941,B0F31VKDTQ,15.29
MP0941,B0F31VKDTQ,15.29
MP0941,B0F31VKDTQ,15.29
MP0941,B0F47G3NCQ,8.46
MP0941,B0F48MY3NB,10.66
MP0941,B0F5QC3JK8,15.99
MP0941,B0F6SGFMLV,26.99
MP0941,B0F8HDJ2NH,20.99
MP0941,B0F9P5HQ3D,18.99
MP0941,B0F9P5HQ3D,18.99
MP0941,B0F9P5HQ3D,18.99
MP0941,B0F9WHT8GZ,9.99
MP0941,B0F9WJ261X,10.99
MP0941,B0FC1WPPBR,11.99
MP0941,B0FDKGQ8HD,14.44
MP0941,B0FFT5JV42,11.99
MP0941,B0FH6SF4NG,11.99
MP0941,B0FH6SF4NG,11.99
MP0941,B0FHVPBH6M,18.99
MP0941,B0FKN8GH8J,16.99
MP0941,B0FM3MGJKK,8.99
MP0941,B0FMRH4RT6,17.99
MP0941,B0FP988GN9,19.99
MP0941,B0FP988GN9,19.99
MP0941,B0FQCK3ZM8,11.07
MP0941,B0FSD8XYDN,16.99
MP0942,B00BHC6O5U,47.99
MP0942,B00DZTL0W0,34.99
MP0942,B01D2FI0AG,28.04
MP0942,B07R877JSR,39.99
MP0942,B085G8HQGF,29.99
MP0942,B085M817V2,28.99
MP0942,B086TY8P2P,19.99
MP0942,B08YRDBBYJ,20.99
MP0942,B096TQ7S19,37.66
MP0942,B09JKHDBW2,27.99
MP0942,B09VSRVWT9,24.58
MP0942,B09Y8L739S,41.79
MP0942,B0BHVYXHD2,32.99
MP0942,B0BN7WHVNB,29.99
MP0942,B0BQHJHZK2,32.26
MP0942,B0BW9MXY17,16.99
MP0942,B0C1YTHN3S,53.52
MP0942,B0C6KQBMLL,29.85
MP0942,B0C6KQBMLL,29.85
MP0942,B0C89G3R1S,37.99
MP0942,B0CGX1QDPR,25.64
MP0942,B0CGX1QDPR,25.64
MP0942,B0CGX1QDPR,25.64
MP0942,B0CGX1QDPR,25.64
MP0942,B0CGX1QDPR,25.64
MP0942,B0CKBSTV3H,24.99
MP0942,B0CKYK5GXF,17.21
MP0942,B0CKYK5GXF,17.21
MP0942,B0CS3J126M,21.04
MP0942,B0CS3V1Q2N,11.95
MP0942,B0CT3PKHSB,119.99
MP0942,B0CHW1V2MR,30.00
MP0942,B0D73H3NL7,39.99
MP0942,B0DBVLP5WB,59.99
MP0942,B0DCTQ1QLT,32.23
MP0942,B0DD43ZLNS,34.99
MP0942,B0DFYJKSGY,49.99
MP0942,B0DJMBFCG1,53.11
MP0942,B0DJV4Q1TX,26.46
MP0942,B0DL32LD4D,21.99
MP0942,B0DW4B1W6F,20.99
MP0942,B0F246ZQKF,34.99
MP0942,B0F246ZQKF,34.99
MP0942,B0F2DQ2B67,40.99
MP0942,B0F4DT47P1,63.99
MP0942,B0F6CT4F8W,30.24
MP0942,B0F6SB3ZXT,31.99
MP0942,B0F8Z7RGB9,47.99
MP0955,B073WFCV1L,16.99
MP0955,B0757JXTS3,48.99
MP0955,B07TTBVB85,37.89
MP0955,B07TTBVB85,37.89
MP0955,B07TTBVB85,37.89
MP0955,B088R489F4,19.99
MP0955,B08CDLLT35,22.66
MP0955,B08DN9GFZ1,43.99
MP0955,B08F9R798Y,34.90
MP0955,B08FBZ23ZN,25.99
MP0955,B08PCQVPRF,15.41
MP0955,B08YRJXWLZ,16.99
MP0955,B08YRJXWLZ,16.99
MP0955,B08YRJXWLZ,16.99
MP0955,B08ZJ57X9N,27.99
MP0955,B091KQ32R2,10.44
MP0955,B097JJ5KKV,41.90
MP0955,B099WDFXYX,39.99
MP0955,B09CKBR81T,32.99
MP0955,B09DD27DZ7,14.36
MP0955,B09G2VF7QK,20.99
MP0955,B09HKNRN87,37.99
MP0955,B09S64WZRR,52.60
MP0955,B09VMDZ2CC,18.10
MP0955,B0B3XDDKQ1,15.19
MP0955,B0BHY4VKDM,12.29
MP0955,B0BJZQZHDB,29.99
MP0955,B0BMKK2D5S,11.99
MP0955,B0BNLPVJY9,39.99
MP0955,B0BNLPVJY9,39.99
MP0955,B0BP7DLP7Z,20.99
MP0955,B0BWDMSBMQ,13.00
MP0955,B0BWDMSBMQ,13.00
MP0955,B0BWDMSBMQ,13.00
MP0955,B0BWDMSBMQ,13.00
MP0955,B0BWDRLYRC,33.82
MP0955,B0BXFFDQDP,21.98
MP0955,B0BZ8L5QXS,49.99
MP0955,B0BZHLG6WG,22.99
MP0955,B0BZRZDVC1,19.99
MP0955,B0C6KQBMLL,29.85
MP0955,B0C6KQBMLL,29.85
MP0955,B0C6KQBMLL,29.85
MP0955,B0C6QHSQ4D,13.79
MP0955,B0C7TQ25DB,22.99
MP0955,B0C8HNKW1R,18.99
MP0955,B0C8T91GRH,35.97
MP0955,B0C8T91GRH,35.97
MP0955,B0CCMMPK1G,29.99
MP0955,B0CJB944HC,47.78
MP0955,B0CJTNC9C4,43.99
MP0955,B0CLNWG2X4,22.34
MP0955,B0CLQXW5PL,32.99
MP0955,B0CMHG4N37,29.99
MP0955,B0CN2QRMBQ,27.06
MP0955,B0CN2S37G4,29.44
MP0955,B0CNCVGBYR,39.99
MP0955,B0CNCVGBYR,39.99
MP0955,B0CNH14D8C,69.99
MP0955,B0CNK8DVD4,34.76
MP0955,B0CNXVY3C9,21.98
MP0955,B0CP2DD6HC,26.95
MP0955,B0CQ4ZSRKP,24.99
MP0955,B0CS2VG68W,33.99
MP0955,B0CS3VG341,24.98
MP0955,B0CS3WTGYS,21.98
MP0955,B0CWNZSW5M,43.25
MP0955,B0CXCGTN59,49.99
MP0955,B0CXXHX125,14.99
MP0955,B0CHMC4HTJ,28.99
MP0955,B0CHMC4HTJ,28.99
MP0955,B0D1CKR3QQ,20.13
MP0955,B0D2XNG9YX,27.72
MP0955,B0D2Y4T5DQ,27.19
MP0955,B0D3PZWR2S,64.99
MP0955,B0D41NHZ7L,23.66
MP0955,B0D5GVDXY4,37.99
MP0955,B0D5QZQDK8,43.69
MP0955,B0D62L3JWX,42.99
MP0955,B0D7MD8113,43.00
MP0955,B0D8RWY4CL,32.87
MP0955,B0DBVLP5WB,59.99
MP0955,B0DCG7HCDJ,48.89
MP0955,B0DCG7HCDJ,48.89
MP0955,B0DCG7HCDJ,48.89
MP0955,B0DD43ZLNS,34.99
MP0955,B0DDX7CB9W,16.79
MP0955,B0DFYGQ5N2,37.81
MP0955,B0DGLFT312,39.99
MP0955,B0DJ741CGM,26.99
MP0955,B0DJ9G42ZX,65.32
MP0955,B0DK3DDFVJ,44.49
MP0955,B0DKJCV34Z,59.99
MP0955,B0DKPDR8RQ,29.99
MP0955,B0DM97CLTJ,28.99
MP0955,B0DNHYNZQR,14.43
MP0955,B0DNJKNBQH,36.99
MP0955,B0DNM3KJVD,46.72
MP0955,B0DNMPK18S,36.11
MP0955,B0DPFDM49K,12.99
MP0955,B0DPZ5V2N2,49.99
MP0955,B0DSTVP7K4,29.99
MP0955,B0DZNVDZYW,31.99
MP0955,B0F268Q6QK,63.92
MP0955,B0F5QCQ289,36.34
MP0955,B0F6SB3ZXT,31.99
MP0955,B0F6V185WT,17.89
MP0955,B0F88J9MVR,43.23
MP0955,B0F9F22QDN,22.28
MP0955,B0F9FB61KR,59.99
MP0955,B0FB3B85F7,21.99
MP0955,B0FD3HCR4X,55.99
MP0955,B0FG2N6TJR,33.29
MP0955,B0FG2N6TJR,33.29
MP0955,B0FG2N6TJR,33.29
MP0955,B0FG8458Y8,49.99
MP0955,B0FG8458Y8,49.99
MP0955,B0FGCFSWLQ,13.59
MP0955,B0FGX8GD88,43.90
MP0955,B0FH43FRDP,13.99
MP0955,B0FHP7L821,18.07
MP0955,B0FJ1FRVQP,20.13
MP0955,B0FJ1T736X,41.17
MP0955,B0FKG22C9Y,29.16
MP0955,B0FL21H5RQ,18.99
MP0966,B01D2FI0AG,28.04
MP0966,B07PHWDY46,27.19
MP0966,B086SWBYGS,43.99
MP0966,B086SWBYGS,43.99
MP0966,B08B7VB9W6,15.29
MP0966,B08MJFV4X5,14.99
MP0966,B08MJFV4X5,14.99
MP0966,B095X6YYVX,24.99
MP0966,B096MJ1MXM,38.99
MP0966,B09DD27DZ7,14.36
MP0966,B09DD27DZ7,14.36
MP0966,B09DD27DZ7,14.36
MP0966,B09PYYLX92,34.98
MP0966,B09PYYLX92,34.98
MP0966,B09YM2FP2W,23.98
MP0966,B09ZV8G3BZ,27.99
MP0966,B0B4WG7VBM,48.99
MP0966,B0B6FYKC3S,37.52
MP0966,B0BJB5VY5X,43.44
MP0966,B0BL28LSDR,23.58
MP0966,B0BP4F2DLP,39.97
MP0966,B0BTPFKWV1,13.99
MP0966,B0BTPFKWV1,13.99
MP0966,B0BW9MXY17,16.99
MP0966,B0BWR67Y6V,21.99
MP0966,B0BWR67Y6V,21.99
MP0966,B0BWXV3HTG,19.85
MP0966,B0BWXV3HTG,19.85
MP0966,B0BWXV3HTG,19.85
MP0966,B0BWXV3HTG,19.85
MP0966,B0C2YLHZS8,32.99
MP0966,B0C2YLHZS8,32.99
MP0966,B0C2YLHZS8,32.99
MP0966,B0C2YLHZS8,32.99
MP0966,B0C3B55SXF,37.99
MP0966,B0C3B5DXH4,28.56
MP0966,B0C6MGB6Y8,27.98
MP0966,B0CCRVC5Y7,30.98
MP0966,B0CCRX1NT1,21.99
MP0966,B0CJY4RQSH,10.75
MP0966,B0CL9KJPSS,18.99
MP0966,B0CL9KJPSS,18.99
MP0966,B0CLRSG3JQ,35.99
MP0966,B0CM394RR8,40.11
MP0966,B0CP9658FR,36.99
MP0966,B0CQ3R4KNS,37.99
MP0966,B0CQ3R4KNS,37.99
MP0966,B0CR75ZCPM,22.99
MP0966,B0CS3J126M,21.04
MP0966,B0CWK69RWH,23.99
MP0966,B0CXJCH79L,25.20
MP0966,B0D1KRF9V5,36.99
MP0966,B0D1N3CWH1,36.78
MP0966,B0D28ZG5VD,23.86
MP0966,B0D3TCQ385,15.99
MP0966,B0D3TCQ385,15.99
MP0966,B0D3TCQ385,15.99
MP0966,B0D3TCQ385,15.99
MP0966,B0D3TCQ385,15.99
MP0966,B0D41MTLSQ,23.66
MP0966,B0D5M614R1,22.47
MP0966,B0D5M7DRGH,32.55
MP0966,B0D5M7DRGH,32.55
MP0966,B0D5M7DRGH,32.55
MP0966,B0D5MC1X1X,42.99
MP0966,B0D62L3JWX,42.99
MP0966,B0D62L3JWX,42.99
MP0966,B0D62L3JWX,42.99
MP0966,B0DF7K5Q3H,34.99
MP0966,B0DGXGNY99,43.99
MP0966,B0DJS6BM4Z,47.98
MP0966,B0DNM468XV,57.77
MP0966,B0DS5Z2WCG,52.72
MP0966,B0DSJPWFL6,49.90
MP0966,B0DZCF875D,39.99
MP0966,B0F3HVCH8C,21.84
MP0966,B0F47RTDDB,29.32
MP0966,B0F4KBCYFZ,34.99
MP0966,B0F4KBCYFZ,34.99
MP0966,B0F4KBCYFZ,34.99
MP0966,B0F4KBCYFZ,34.99
MP0966,B0F5BFPBK4,45.99
MP0966,B0F8HZDWS8,49.00
MP0966,B0FB3DBL4T,26.99
MP0966,B0FDQJ76QC,53.95
MP0966,B0FDQKFBZ4,31.08
MP0966,B0FDQKFBZ4,31.08
MP0966,B0FG2M9MZV,26.46
MP0966,B0FG2M9MZV,26.46
MP0966,B0FG7PVCHZ,48.99
MP0966,B0FH6VN1LR,21.99
MP0966,B0FHP7L821,18.07
MP0966,B0FHP7L821,18.07
MP0966,B0FHWHK5MD,79.19
MP0966,B0FK4HSGSF,69.99
MP0966,B0FK4HSGSF,69.99
MP0966,B0FK4HYL1H,69.99
MP0966,B0FKG22C9Y,29.16
MP0966,B0FQJSSZXD,41.56
MP0966,B0FWQXDDBF,20.99
MP0966,B0FWQXDDBF,20.99
MP0966,B0GN3476X7,25.00
MP0973,B0CFFK3H5L,15.20
MP0973,B0FFFZQZGN,31.92
MP0973,B0FFFZQZGN,31.92
MP0973,B0FFFZQZGN,31.92
MP0973,B0FFFZQZGN,31.92
MP0973,B0FFFZQZGN,31.92
MP0973,B0FFFZQZGN,31.92
MP0973,B0FFFZQZGN,31.92
MP0973,B0FFFZQZGN,31.92
MP0973,B0FFFZQZGN,31.92
MP0973,B0FFFZQZGN,31.92
MP0973,B0FFFZQZGN,31.92
MP0973,B0FFFZQZGN,31.92
MP0973,B0FFFZQZGN,31.92
MP0973,B0FFFZQZGN,31.92
MP0973,B0FFFZQZGN,31.92
MP0973,B0FFFZQZGN,31.92
MP0973,B0FFFZQZGN,31.92
MP0973,B0FFFZQZGN,31.92
MP0973,B0FFFZQZGN,31.92
MP0973,B0FFFZQZGN,31.92
MP0973,B0FFFZQZGN,31.92
MP0973,B0FFFZQZGN,31.92
MP0973,B0FFFZQZGN,31.92
MP0973,B0FFFZQZGN,31.92
MP0973,B0FFFZQZGN,31.92
MP0973,B0FFFZQZGN,31.92
MP0973,B0FFFZQZGN,31.92
MP0973,B0FFFZQZGN,31.92
MP0973,B0FFFZQZGN,31.92
MP0973,B0FFFZQZGN,31.92
MP0973,B0FFFZQZGN,31.92
MP0973,B0FFGML7DR,20.39
MP0973,B0FFGML7DR,20.39
MP0973,B0FJRK37VC,25.52
MP0973,B0FJRK37VC,25.52
MP0973,B0FJRK37VC,25.52
MP0973,B0FJRK37VC,25.52
MP0973,B0FJRK37VC,25.52
MP0973,B0FJRVCCML,27.55
MP0973,B0FJRVCCML,27.55
MP0973,B0FJRVCCML,27.55
MP0973,B0FJRVCCML,27.55
MP0973,B0FJRVCCML,27.55
MP0973,B0FJRVCCML,27.55
MP0973,B0FJRYN7D9,20.23
MP0973,B0FJRYN7D9,20.23
MP0973,B0FJRYN7D9,20.23
MP0973,B0FJRYN7D9,20.23
MP0973,B0FJRYN7D9,20.23
MP0973,B0FJRYN7D9,20.23
MP0980,B01M0ISVTQ,14.10
MP0980,B01M0ISVTQ,14.10
MP0980,B01M0ISVTQ,14.10
MP0980,B076B24VJ8,13.69
MP0980,B07B6N9BGZ,24.99
MP0980,B07B6N9BGZ,24.99
MP0980,B07PTY6B4C,9.99
MP0980,B08293NKQ8,16.99
MP0980,B085FWTQV5,29.99
MP0980,B088R7VB3J,19.99
MP0980,B08CZ69MV5,23.99
MP0980,B08FY92852,16.14
MP0980,B08MJFV4X5,14.99
MP0980,B08NDDQ3FP,17.99
MP0980,B08YYSCTFM,44.99
MP0980,B095CFB1SD,39.97
MP0980,B095XFC8PV,24.99
MP0980,B097PMY4WG,14.40
MP0980,B097PMY4WG,14.40
MP0980,B09CD9RSGL,12.10
MP0980,B09FJX1GK4,22.72
MP0980,B09FY5CDYW,29.98
MP0980,B09FY5CDYW,29.98
MP0980,B09NN281VH,30.99
MP0980,B09P8G2PLC,45.99
MP0980,B09R1Z2TX7,39.99
MP0980,B09W2J9YB8,37.99
MP0980,B0B4WG7VBM,48.99
MP0980,B0B6FYKC3S,37.52
MP0980,B0B6FYKC3S,37.52
MP0980,B0B6FYKC3S,37.52
MP0980,B0B6FYKC3S,37.52
MP0980,B0B6FYKC3S,37.52
MP0980,B0B7R1C1B9,34.99
MP0980,B0B8VV2JB1,49.91
MP0980,B0B9SC4FTG,39.99
MP0980,B0BJJKHVHC,25.99
MP0980,B0BJKN6VFH,20.99
MP0980,B0BKK3ZLJX,56.94
MP0980,B0BP4F2DLP,39.97
MP0980,B0BS8VDZ8R,19.99
MP0980,B0BTLDBBF2,25.49
MP0980,B0BTPD6KGH,21.99
MP0980,B0C1GHBQVW,49.99
MP0980,B0C1J3SCRT,65.32
MP0980,B0C6197P93,20.00
MP0980,B0C62BYWYF,44.99
MP0980,B0C89G3R1S,37.99
MP0980,B0C8D2PB52,19.99
MP0980,B0CB2WJVC2,49.99
MP0980,B0CF9GR5M2,28.69
MP0980,B0CFPXLYGZ,32.39
MP0980,B0CJQVZT72,18.99
MP0980,B0CNCT88LG,27.92
MP0980,B0CP1QYC3P,27.99
MP0980,B0CPHYYNS7,37.01
MP0980,B0CQJVDYRF,27.19
MP0980,B0CQTZVTY4,40.11
MP0980,B0CQTZVTY4,40.11
MP0980,B0CQTZVTY4,40.11
MP0980,B0CQZZ416N,54.14
MP0980,B0CRB56RZ5,32.99
MP0980,B0CS3V1Q2N,11.95
MP0980,B0CVX7C2D6,22.83
MP0980,B0D1KRF9V5,36.99
MP0980,B0D1Y4SCJT,22.99
MP0980,B0D2Y7S7FT,48.99
MP0980,B0D2ZHDXXZ,49.99
MP0980,B0D2ZHDXXZ,49.99
MP0980,B0D8B9BDRJ,16.99
MP0980,B0D8RWY4CL,32.87
MP0980,B0D8S9PVQB,25.99
MP0980,B0D9236QLK,34.59
MP0980,B0DCG129M6,17.27
MP0980,B0DDPGSVX5,19.99
MP0980,B0DFYJ27CT,52.99
MP0980,B0DG5GJ5FZ,20.99
MP0980,B0DH8HQ6YN,27.72
MP0980,B0DK6J5LQ5,19.99
MP0980,B0DK6J5LQ5,19.99
MP0980,B0DNSSMJZW,52.99
MP0980,B0DPFDM49K,12.99
MP0980,B0DPFDM49K,12.99
MP0980,B0DPJVFPZS,17.44
MP0980,B0DPP9PJHM,25.99
MP0980,B0DPPRHPXH,21.99
MP0980,B0DPZLRYTV,30.99
MP0980,B0DR2D3RWQ,39.99
MP0980,B0DRYC5W78,24.59
MP0980,B0DS25ZVFK,35.99
MP0980,B0DS25ZVFK,35.99
MP0980,B0DS25ZVFK,35.99
MP0980,B0DSW4X7CP,39.99
MP0980,B0DVLJT6JR,46.99
MP0980,B0DWZFHZ2W,59.00
MP0980,B0F23NY9QK,27.85
MP0980,B0F23NY9QK,27.85
MP0980,B0F47RTDDB,29.32
MP0980,B0F6T3M1CX,54.99
MP0980,B0F7KSSJHJ,3.38
MP0980,B0F7R57V7W,25.99
MP0980,B0F7R57V7W,25.99
MP0980,B0FF9K265L,39.99
MP0980,B0FKG22C9Y,29.16
MP0980,B0FMD5XRCW,39.99
MP0980,B0FX9YC5ZG,15.00
MP0980,B0FX9YC5ZG,15.00
MP0980,B0FX9YC5ZG,15.00
MP0980,B0FX9YC5ZG,15.00
MP0980,B0FX9YC5ZG,15.00
MP0980,B0FX9YC5ZG,15.00
MP0980,B0FX9YC5ZG,15.00
MP0980,B0FX9YC5ZG,15.00
MP0980,B0FX9YC5ZG,15.00
MP0980,B0FX9YC5ZG,15.00
MP0980,B0FX9YC5ZG,15.00
MP0980,B0FX9YC5ZG,15.00
MP0980,B0FX9YC5ZG,15.00
MP0980,B0FX9YC5ZG,15.00
MP0980,B0FX9YC5ZG,15.00
MP0980,B0FX9YC5ZG,15.00
MP0980,B0FX9YC5ZG,15.00
MP0980,B0FX9YC5ZG,15.00
MP0980,B0FX9YC5ZG,15.00
MP0980,B0FX9YC5ZG,15.00
MP0980,B0G2LZVZBJ,18.14
MP0980,B0G48V48TP,29.99
MP0984,B00B1AB9FS,14.47
MP0984,B00HLKPMMS,17.99
MP0984,B00PNE8LBS,12.90
MP0984,B00PNEP82S,12.99
MP0984,B01C8RLKME,12.90
MP0984,B06XCB74FL,14.99
MP0984,B06ZYX21WJ,16.09
MP0984,B071P194MS,17.69
MP0984,B07233CWB1,17.59
MP0984,B073PWPD1M,21.79
MP0984,B074YLNR4B,9.98
MP0984,B078Y3YDC9,14.99
MP0984,B078Y3YDC9,14.99
MP0984,B07GPPGMH1,8.98
MP0984,B07K7F8ZYN,16.99
MP0984,B07KXRQ38V,8.57
MP0984,B07KYJYL2L,8.99
MP0984,B07MKDF5K4,15.99
MP0984,B07RSQ9Y15,17.99
MP0984,B07YYYQS32,14.28
MP0984,B07YYYQS32,14.28
MP0984,B082NRJ97G,12.99
MP0984,B084Q6X5JT,12.99
MP0984,B084QDYJHT,12.99
MP0984,B088FM4LPX,14.12
MP0984,B08BLH97LF,14.80
MP0984,B08CXJ6HXX,16.99
MP0984,B08CY32Q6G,17.99
MP0984,B08HMZ1M2J,13.59
MP0984,B08MVM74S6,13.99
MP0984,B08P31DKJF,9.83
MP0984,B08P31DKJF,9.83
MP0984,B08P31DKJF,9.83
MP0984,B08P31DKJF,9.83
MP0984,B08SJHXKNC,8.71
MP0984,B08SJHXKNC,8.71
MP0984,B08SJHXKNC,8.71
MP0984,B08SJHXKNC,8.71
MP0984,B08SJHXKNC,8.71
MP0984,B08SJHXKNC,8.71
MP0984,B08SJHXKNC,8.71
MP0984,B08SJKP4X2,8.59
MP0984,B094J1T752,14.79
MP0984,B0975F3R7S,17.99
MP0984,B09CQ9FFQD,10.59
MP0984,B09CQ9FFQD,10.59
MP0984,B09CQ9FFQD,10.59
MP0984,B09CQ9FFQD,10.59
MP0984,B09CQ9FFQD,10.59
MP0984,B09DG1HKJT,10.82
MP0984,B09DG1HKJT,10.82
MP0984,B09GB9RSRC,10.43
MP0984,B09LTWT8VP,12.99
MP0984,B09MTY8939,12.99
MP0984,B09P4Z2VFR,15.99
MP0984,B09P4ZXD7H,15.99
MP0984,B09P76LWRZ,13.99
MP0984,B09QKY7V1G,16.99
MP0984,B09QYKCF5T,17.99
MP0984,B09STSYHTN,13.99
MP0984,B09W9867V2,11.39
MP0984,B09W9867V2,11.39
MP0984,B09Y1Q6X1Y,14.09
MP0984,B09YPTP25Q,9.12
MP0984,B09YPTP25Q,9.12
MP0984,B09YPTP25Q,9.12
MP0984,B09YPTP25Q,9.12
MP0984,B09YPTP25Q,9.12
MP0984,B09YPV8R5G,9.12
MP0984,B09YPV8R5G,9.12
MP0984,B09YPV8R5G,9.12
MP0984,B09YXDC99W,13.99
MP0984,B09YXDC99W,13.99
MP0984,B0B2Q2BZZQ,13.99
MP0984,B0B4W4P7RZ,11.99
MP0984,B0B5KB8YD7,19.99
MP0984,B0B5XQ1KQL,7.99
MP0984,B0B699B45Y,23.98
MP0984,B0B7HS4ZXW,14.99
MP0984,B0B7P3FRKL,11.64
MP0984,B0B7ZY5HK9,16.99
MP0984,B0B7ZY5HK9,16.99
MP0984,B0B81L5W42,12.74
MP0984,B0B96YZF1B,17.99
MP0984,B0B96YZF1B,17.99
MP0984,B0B96ZJ262,7.59
MP0984,B0B972KX3W,22.30
MP0984,B0B974F9QD,21.99
MP0984,B0B974F9QD,21.99
MP0984,B0B974F9QD,21.99
MP0984,B0B974F9QD,21.99
MP0984,B0B9781MZC,11.99
MP0984,B0BBVV78B1,16.99
MP0984,B0BDMS1KNG,11.74
MP0984,B0BDMV3Y9B,17.99
MP0984,B0BDMV3Y9B,17.99
MP0984,B0BL7DXTN9,14.27
MP0984,B0BM9LVFVQ,11.99
MP0984,B0BMGBNG73,5.72
MP0984,B0BNN392VH,8.39
MP0984,B0BPSQSKB5,7.46
MP0984,B0BPSSXTD2,6.63
MP0984,B0BPSSXTD2,6.63
MP0984,B0BPSSXTD2,6.63
MP0984,B0BPST2H55,9.99
MP0984,B0BPST2H55,9.99
MP0984,B0BPST2H55,9.99
MP0984,B0BPST2H55,9.99
MP0984,B0BPST53QQ,7.46
MP0984,B0BPST53QQ,7.46
MP0984,B0BPST53QQ,7.46
MP0984,B0BPYQ41XV,16.75
MP0984,B0BR5RHPF5,17.99
MP0984,B0BR5RHPF5,17.99
MP0984,B0BR6JVFC5,8.59
MP0984,B0BR6L4QC2,8.59
MP0984,B0BR6L7W25,7.88
MP0984,B0BR6L7W25,7.88
MP0984,B0BR6L7W25,7.88
MP0984,B0BR7B6P2Q,12.32
MP0984,B0BRNKLYBP,6.89
MP0984,B0BYV22X2D,11.99
MP0984,B0BZH5FT7F,9.31
MP0984,B0C2V13VF6,8.59
MP0984,B0C35TNC6Y,18.99
MP0984,B0C3725WS6,17.09
MP0984,B0C39Z6L8V,13.99
MP0984,B0C3D3P8GS,14.23
MP0984,B0C46PSQGX,6.99
MP0984,B0C4Y8JVJZ,24.71
MP0984,B0C5RP1JZ6,15.29
MP0984,B0C5RP1JZ6,15.29
MP0984,B0C6K4X9GJ,5.69
MP0984,B0CC2F4HQK,14.36
MP0984,B0CCNQML19,13.99
MP0984,B0CCNQML19,13.99
MP0984,B0CCNQML19,13.99
MP0984,B0CCNQML19,13.99
MP0984,B0CCNQML19,13.99
MP0984,B0CCYD2T6X,8.99
MP0984,B0CD1N3XHZ,18.99
MP0984,B0CF911P6R,15.29
MP0984,B0CF911P6R,15.29
MP0984,B0CGDK3NFP,18.99
MP0984,B0CGX3SBJF,11.99
MP0984,B0CGX3SBJF,11.99
MP0984,B0CKQBGH2C,11.99
MP0984,B0CKQC6QWV,11.99
MP0984,B0CKW1C1CG,28.99
MP0984,B0CKZ142WP,11.39
MP0984,B0CKZ142WP,11.39
MP0984,B0CKZ142WP,11.39
MP0984,B0CKZ142WP,11.39
MP0984,B0CKZ142WP,11.39
MP0984,B0CKZ142WP,11.39
MP0984,B0CKZ142WP,11.39
MP0984,B0CLGR53HW,6.64
MP0984,B0CMZHKSTD,11.99
MP0984,B0CNCCSRTL,12.99
MP0984,B0CP5DVSK7,10.59
MP0984,B0CRB1DBD8,10.44
MP0984,B0CRB31MMY,11.39
MP0984,B0CRB4VJYR,11.39
MP0984,B0CRN9F1SB,17.99
MP0984,B0CSFM2WGQ,14.45
MP0984,B0CSG4WSG2,14.44
MP0984,B0CSW9TQYC,15.01
MP0984,B0CSW9TQYC,15.01
MP0984,B0CT5SS2BW,6.98
MP0984,B0CYGRM3R9,8.99
MP0984,B0CHJKQD1V,15.99
MP0984,B0CHJKQD1V,15.99
MP0984,B0CHJLFF9G,15.99
MP0984,B0D1J6YWYM,12.62
MP0984,B0D2VP5TJF,13.99
MP0984,B0D2W45191,6.99
MP0984,B0D3H4S8H4,11.39
MP0984,B0D3H4S8H4,11.39
MP0984,B0D3H4S8H4,11.39
MP0984,B0D3H8RTPR,11.99
MP0984,B0D4HZCP5G,10.10
MP0984,B0D53X2L9G,17.99
MP0984,B0D5YCYNGR,10.99
MP0984,B0D674FFQT,11.89
MP0984,B0D675DVB4,13.99
MP0984,B0D676DSMZ,16.99
MP0984,B0D6FBHCLL,14.44
MP0984,B0D7B6Z8G6,11.99
MP0984,B0D7BPZ8W6,11.39
MP0984,B0D7BPZ8W6,11.39
MP0984,B0D7BPZ8W6,11.39
MP0984,B0D7BPZ8W6,11.39
MP0984,B0D7BPZ8W6,11.39
MP0984,B0D7BPZ8W6,11.39
MP0984,B0D7BPZ8W6,11.39
MP0984,B0D7BPZ8W6,11.39
MP0984,B0D7H4HDPF,12.59
MP0984,B0D7SD9FFX,8.53
MP0984,B0D9LPSQQB,16.99
MP0984,B0D9LRCRQN,11.99
MP0984,B0DB68P4XB,12.90
MP0984,B0DBQ8XKHR,11.99
MP0984,B0DBTBNWC3,21.99
MP0984,B0DBYZDHZJ,11.99
MP0984,B0DBZN1PZH,10.93
MP0984,B0DBZQKC2H,5.24
MP0984,B0DBZQKC2H,5.24
MP0984,B0DBZQKC2H,5.24
MP0984,B0DBZQKC2H,5.24
MP0984,B0DBZQKC2H,5.24
MP0984,B0DBZQKC2H,5.24
MP0984,B0DBZQKC2H,5.24
MP0984,B0DBZQKC2H,5.24
MP0984,B0DBZQKC2H,5.24
MP0984,B0DBZQKC2H,5.24
MP0984,B0DBZQKC2H,5.24
MP0984,B0DBZQKC2H,5.24
MP0984,B0DBZQKC2H,5.24
MP0984,B0DBZQKC2H,5.24
MP0984,B0DBZQKC2H,5.24
MP0984,B0DBZQKC2H,5.24
MP0984,B0DBZQKC2H,5.24
MP0984,B0DBZQKC2H,5.24
MP0984,B0DBZQKC2H,5.24
MP0984,B0DBZQKC2H,5.24
MP0984,B0DBZQKC2H,5.24
MP0984,B0DBZQKC2H,5.24
MP0984,B0DBZQKC2H,5.24
MP0984,B0DBZQKC2H,5.24
MP0984,B0DBZQKC2H,5.24
MP0984,B0DBZQKC2H,5.24
MP0984,B0DBZQKC2H,5.24
MP0984,B0DBZQKC2H,5.24
MP0984,B0DBZQKC2H,5.24
MP0984,B0DBZQKC2H,5.24
MP0984,B0DBZQKC2H,5.24
MP0984,B0DBZQKC2H,5.24
MP0984,B0DBZQKC2H,5.24
MP0984,B0DBZQKC2H,5.24
MP0984,B0DBZQKC2H,5.24
MP0984,B0DBZQKC2H,5.24
MP0984,B0DBZQKC2H,5.24
MP0984,B0DBZQKC2H,5.24
MP0984,B0DBZQKC2H,5.24
MP0984,B0DBZQKC2H,5.24
MP0984,B0DBZQKC2H,5.24
MP0984,B0DBZQKC2H,5.24
MP0984,B0DBZQKC2H,5.24
MP0984,B0DBZQKC2H,5.24
MP0984,B0DBZQKC2H,5.24
MP0984,B0DBZQKC2H,5.24
MP0984,B0DBZQKC2H,5.24
MP0984,B0DBZQKC2H,5.24
MP0984,B0DBZQKC2H,5.24
MP0984,B0DBZQKC2H,5.24
MP0984,B0DBZQKC2H,5.24
MP0984,B0DBZQKC2H,5.24
MP0984,B0DBZQKC2H,5.24
MP0984,B0DBZQKC2H,5.24
MP0984,B0DBZQKC2H,5.24
MP0984,B0DBZQKC2H,5.24
MP0984,B0DBZQKC2H,5.24
MP0984,B0DBZQKC2H,5.24
MP0984,B0DBZQKC2H,5.24
MP0984,B0DBZQKC2H,5.24
MP0984,B0DBZSLFBJ,5.65
MP0984,B0DBZSLFBJ,5.65
MP0984,B0DBZSLFBJ,5.65
MP0984,B0DBZSLFBJ,5.65
MP0984,B0DBZSLFBJ,5.65
MP0984,B0DBZSLFBJ,5.65
MP0984,B0DBZSLFBJ,5.65
MP0984,B0DBZT22MZ,2.86
MP0984,B0DBZT22MZ,2.86
MP0984,B0DBZT22MZ,2.86
MP0984,B0DBZT22MZ,2.86
MP0984,B0DBZT22MZ,2.86
MP0984,B0DBZT22MZ,2.86
MP0984,B0DBZT22MZ,2.86
MP0984,B0DBZTMB4P,3.11
MP0984,B0DBZTMB4P,3.11
MP0984,B0DBZTMB4P,3.11
MP0984,B0DBZTMB4P,3.11
MP0984,B0DBZTMB4P,3.11
MP0984,B0DBZTMB4P,3.11
MP0984,B0DBZTMB4P,3.11
MP0984,B0DBZTMB4P,3.11
MP0984,B0DBZTMB4P,3.11
MP0984,B0DBZTMB4P,3.11
MP0984,B0DBZTMB4P,3.11
MP0984,B0DBZTMB4P,3.11
MP0984,B0DBZTMB4P,3.11
MP0984,B0DBZTMB4P,3.11
MP0984,B0DBZTMB4P,3.11
MP0984,B0DBZTMB4P,3.11
MP0984,B0DBZTMB4P,3.11
MP0984,B0DBZTMB4P,3.11
MP0984,B0DBZTMB4P,3.11
MP0984,B0DBZTMB4P,3.11
MP0984,B0DBZTMB4P,3.11
MP0984,B0DBZTMB4P,3.11
MP0984,B0DBZTMB4P,3.11
MP0984,B0DBZTMB4P,3.11
MP0984,B0DBZTMB4P,3.11
MP0984,B0DBZTMB4P,3.11
MP0984,B0DBZTMB4P,3.11
MP0984,B0DBZTMB4P,3.11
MP0984,B0DBZTMB4P,3.11
MP0984,B0DBZTMB4P,3.11
MP0984,B0DBZTMB4P,3.11
MP0984,B0DBZTMB4P,3.11
MP0984,B0DBZTMB4P,3.11
MP0984,B0DBZTMB4P,3.11
MP0984,B0DBZTMB4P,3.11
MP0984,B0DBZTMB4P,3.11
MP0984,B0DBZTMB4P,3.11
MP0984,B0DBZTMB4P,3.11
MP0984,B0DBZTMB4P,3.11
MP0984,B0DBZTMB4P,3.11
MP0984,B0DBZTXDVP,5.57
MP0984,B0DBZTXDVP,5.57
MP0984,B0DBZTXDVP,5.57
MP0984,B0DBZTXDVP,5.57
MP0984,B0DBZTXDVP,5.57
MP0984,B0DBZTXDVP,5.57
MP0984,B0DBZV16M1,5.24
MP0984,B0DBZV16M1,5.24
MP0984,B0DBZV16M1,5.24
MP0984,B0DBZV16M1,5.24
MP0984,B0DBZV16M1,5.24
MP0984,B0DBZV8TV3,6.05
MP0984,B0DBZV8TV3,6.05
MP0984,B0DBZV8TV3,6.05
MP0984,B0DBZV8TV3,6.05
MP0984,B0DBZV8TV3,6.05
MP0984,B0DBZV8TV3,6.05
MP0984,B0DBZV8TV3,6.05
MP0984,B0DBZV8TV3,6.05
MP0984,B0DBZV8TV3,6.05
MP0984,B0DBZV8TV3,6.05
MP0984,B0DBZVGHCF,5.57
MP0984,B0DBZVGHCF,5.57
MP0984,B0DBZVGHCF,5.57
MP0984,B0DBZVGHCF,5.57
MP0984,B0DBZVGHCF,5.57
MP0984,B0DBZVGHCF,5.57
MP0984,B0DBZVGHCF,5.57
MP0984,B0DBZVGHCF,5.57
MP0984,B0DBZVGHCF,5.57
MP0984,B0DBZVGHCF,5.57
MP0984,B0DBZVGHCF,5.57
MP0984,B0DBZVGHCF,5.57
MP0984,B0DBZVGHCF,5.57
MP0984,B0DBZVGHCF,5.57
MP0984,B0DBZVGHCF,5.57
MP0984,B0DBZVGHCF,5.57
MP0984,B0DBZVGHCF,5.57
MP0984,B0DBZVGHCF,5.57
MP0984,B0DBZVGHCF,5.57
MP0984,B0DBZVGHCF,5.57
MP0984,B0DBZVGHCF,5.57
MP0984,B0DBZVGHCF,5.57
MP0984,B0DBZVGHCF,5.57
MP0984,B0DBZVGHCF,5.57
MP0984,B0DBZVGHCF,5.57
MP0984,B0DBZVGHCF,5.57
MP0984,B0DBZVGHCF,5.57
MP0984,B0DBZVGHCF,5.57
MP0984,B0DBZVGHCF,5.57
MP0984,B0DBZVLGCS,6.86
MP0984,B0DBZVLGCS,6.86
MP0984,B0DBZVLGCS,6.86
MP0984,B0DBZVLGCS,6.86
MP0984,B0DBZVLGCS,6.86
MP0984,B0DBZVLGCS,6.86
MP0984,B0DBZVLGCS,6.86
MP0984,B0DBZVLGCS,6.86
MP0984,B0DBZVLGCS,6.86
MP0984,B0DBZVLGCS,6.86
MP0984,B0DBZVLGCS,6.86
MP0984,B0DBZVLGCS,6.86
MP0984,B0DBZVLGCS,6.86
MP0984,B0DBZVLGCS,6.86
MP0984,B0DBZVLGCS,6.86
MP0984,B0DBZVLGCS,6.86
MP0984,B0DBZVLGCS,6.86
MP0984,B0DBZVLGCS,6.86
MP0984,B0DBZVLGCS,6.86
MP0984,B0DBZVLGCS,6.86
MP0984,B0DBZVLGCS,6.86
MP0984,B0DBZVLGCS,6.86
MP0984,B0DBZVSWTH,5.40
MP0984,B0DBZVSWTH,5.40
MP0984,B0DBZVSWTH,5.40
MP0984,B0DBZVSWTH,5.40
MP0984,B0DBZVSWTH,5.40
MP0984,B0DBZVV32D,6.86
MP0984,B0DBZVV32D,6.86
MP0984,B0DBZVV32D,6.86
MP0984,B0DBZVV32D,6.86
MP0984,B0DBZVV32D,6.86
MP0984,B0DBZVV32D,6.86
MP0984,B0DBZW67SV,5.57
MP0984,B0DBZW67SV,5.57
MP0984,B0DBZW67SV,5.57
MP0984,B0DBZW67SV,5.57
MP0984,B0DBZW67SV,5.57
MP0984,B0DBZW67SV,5.57
MP0984,B0DBZWB6S2,6.86
MP0984,B0DBZWB6S2,6.86
MP0984,B0DBZWB6S2,6.86
MP0984,B0DBZWB6S2,6.86
MP0984,B0DBZWB6S2,6.86
MP0984,B0DBZWB6S2,6.86
MP0984,B0DBZWB6S2,6.86
MP0984,B0DBZWB6S2,6.86
MP0984,B0DBZWB6S2,6.86
MP0984,B0DBZWB6S2,6.86
MP0984,B0DBZWB6S2,6.86
MP0984,B0DBZWB6S2,6.86
MP0984,B0DBZWB6S2,6.86
MP0984,B0DBZWB6S2,6.86
MP0984,B0DBZWB6S2,6.86
MP0984,B0DBZWB6S2,6.86
MP0984,B0DBZWB6S2,6.86
MP0984,B0DBZWB6S2,6.86
MP0984,B0DBZWB6S2,6.86
MP0984,B0DBZWB6S2,6.86
MP0984,B0DBZWB6S2,6.86
MP0984,B0DBZWKHY5,6.86
MP0984,B0DBZWKHY5,6.86
MP0984,B0DBZWKHY5,6.86
MP0984,B0DBZWKHY5,6.86
MP0984,B0DBZWKHY5,6.86
MP0984,B0DBZWKHY5,6.86
MP0984,B0DBZWKHY5,6.86
MP0984,B0DBZWKHY5,6.86
MP0984,B0DBZWKHY5,6.86
MP0984,B0DBZWKHY5,6.86
MP0984,B0DBZWKHY5,6.86
MP0984,B0DBZWKHY5,6.86
MP0984,B0DBZWKHY5,6.86
MP0984,B0DBZWKHY5,6.86
MP0984,B0DBZWKHY5,6.86
MP0984,B0DBZWKHY5,6.86
MP0984,B0DBZWKHY5,6.86
MP0984,B0DBZWKHY5,6.86
MP0984,B0DBZWKHY5,6.86
MP0984,B0DBZWKHY5,6.86
MP0984,B0DBZWZLMT,6.86
MP0984,B0DBZWZLMT,6.86
MP0984,B0DBZWZLMT,6.86
MP0984,B0DBZWZLMT,6.86
MP0984,B0DBZWZLMT,6.86
MP0984,B0DBZXGRDT,6.86
MP0984,B0DBZXGRDT,6.86
MP0984,B0DBZXGRDT,6.86
MP0984,B0DBZXGRDT,6.86
MP0984,B0DBZXGRDT,6.86
MP0984,B0DBZXGRDT,6.86
MP0984,B0DBZXGRDT,6.86
MP0984,B0DBZXGRDT,6.86
MP0984,B0DBZXGRDT,6.86
MP0984,B0DBZXGRDT,6.86
MP0984,B0DBZXGRDT,6.86
MP0984,B0DBZXGRDT,6.86
MP0984,B0DBZXWZTN,6.86
MP0984,B0DBZXWZTN,6.86
MP0984,B0DBZXWZTN,6.86
MP0984,B0DBZXWZTN,6.86
MP0984,B0DBZXWZTN,6.86
MP0984,B0DBZXWZTN,6.86
MP0984,B0DBZXWZTN,6.86
MP0984,B0DBZXWZTN,6.86
MP0984,B0DBZXWZTN,6.86
MP0984,B0DBZXWZTN,6.86
MP0984,B0DBZXWZTN,6.86
MP0984,B0DBZXWZTN,6.86
MP0984,B0DBZXWZTN,6.86
MP0984,B0DBZXWZTN,6.86
MP0984,B0DBZXWZTN,6.86
MP0984,B0DBZXWZTN,6.86
MP0984,B0DBZXWZTN,6.86
MP0984,B0DBZXWZTN,6.86
MP0984,B0DBZXWZTN,6.86
MP0984,B0DBZXWZTN,6.86
MP0984,B0DBZXWZTN,6.86
MP0984,B0DC6JJKPH,3.49
MP0984,B0DC6JJKPH,3.49
MP0984,B0DC6JJKPH,3.49
MP0984,B0DC6JJKPH,3.49
MP0984,B0DC6JJKPH,3.49
MP0984,B0DC6JJKPH,3.49
MP0984,B0DC6JJKPH,3.49
MP0984,B0DC6JJKPH,3.49
MP0984,B0DC6JJKPH,3.49
MP0984,B0DC6JJKPH,3.49
MP0984,B0DC6JJKPH,3.49
MP0984,B0DC6JJKPH,3.49
MP0984,B0DC6JJKPH,3.49
MP0984,B0DC6JJKPH,3.49
MP0984,B0DCC175ZR,6.86
MP0984,B0DCC175ZR,6.86
MP0984,B0DCC17PXV,6.99
MP0984,B0DCC17PXV,6.99
MP0984,B0DCC17PXV,6.99
MP0984,B0DCC17PXV,6.99
MP0984,B0DCC17PXV,6.99
MP0984,B0DCC17PXV,6.99
MP0984,B0DCC17PXV,6.99
MP0984,B0DCC17PXV,6.99
MP0984,B0DF821FLK,6.99
MP0984,B0DF8225F5,6.99
MP0984,B0DFC5S5XF,11.99
MP0984,B0DFTPRQJT,12.20
MP0984,B0DGFX8ZGR,11.97
MP0984,B0DHGJSZBP,8.99
MP0984,B0DHGMGMXC,7.99
MP0984,B0DHTGYTCP,11.99
MP0984,B0DHTGYTCP,11.99
MP0984,B0DHTGYTCP,11.99
MP0984,B0DHXYCNDK,23.99
MP0984,B0DJVFJHR4,19.99
MP0984,B0DL9ZBCFQ,7.99
MP0984,B0DLKJ97XW,19.99
MP0984,B0DM1RP6NN,11.99
MP0984,B0DNKHS5X3,6.99
MP0984,B0DNZC5RYW,17.99
MP0984,B0DPKPH9Q3,11.99
MP0984,B0DPZR51GJ,19.99
MP0984,B0DPZSNBBD,19.99
MP0984,B0DRG4K34Q,17.99
MP0984,B0DT73F5R7,8.99
MP0984,B0DT73F5R7,8.99
MP0984,B0DT7617DZ,7.99
MP0984,B0DT9678DP,15.29
MP0984,B0DT9L1M2V,15.29
MP0984,B0DZ6LCMGZ,3.99
MP0984,B0DZBR28C8,12.99
MP0984,B0DZCM6HLD,15.29
MP0984,B0F192YSQG,19.99
MP0984,B0F192YSQG,19.99
MP0984,B0F2MZTZT2,17.99
MP0984,B0F2N1CB3L,14.53
MP0984,B0F2N1FZJ2,10.67
MP0984,B0F2N1YG5B,10.13
MP0984,B0F2N22S2H,11.24
MP0984,B0F2N3P938,10.13
MP0984,B0F2YMZ2HR,8.39
MP0984,B0F2YMZ2HR,8.39
MP0984,B0F31TXPM6,15.29
MP0984,B0F31VKDTQ,15.29
MP0984,B0F31VKDTQ,15.29
MP0984,B0F31VKDTQ,15.29
MP0984,B0F31VKDTQ,15.29
MP0984,B0F4MKZMHG,21.99
MP0984,B0F4MKZMHG,21.99
MP0984,B0F4MKZMHG,21.99
MP0984,B0F4MKZMHG,21.99
MP0984,B0F4N5TN4X,13.93
MP0984,B0F6SGFMLV,26.99
MP0984,B0F6SGFMLV,26.99
MP0984,B0F6XXG9KJ,11.19
MP0984,B0F7Q8WZWN,10.79
MP0984,B0F8HDJ2NH,20.99
MP0984,B0F8HDJ2NH,20.99
MP0984,B0F8N9YNYX,21.22
MP0984,B0F8N9YNYX,21.22
MP0984,B0FC1WPPBR,11.99
MP0984,B0FC1WPPBR,11.99
MP0984,B0FC1YC3Z9,11.99
MP0984,B0FC1YC3Z9,11.99
MP0984,B0FD3TGSDB,17.99
MP0984,B0FFT943DC,11.99
MP0984,B0FG7RL6FJ,18.99
MP0984,B0FGX3PFNL,11.99
MP0984,B0FGX3PFNL,11.99
MP0984,B0FGX3PFNL,11.99
MP0984,B0FH6LTS1D,11.99
MP0984,B0FH6LTS1D,11.99
MP0984,B0FH6MJTDW,11.99
MP0984,B0FH6MJTDW,11.99
MP0984,B0FH6MJTDW,11.99
MP0984,B0FH6MJTDW,11.99
MP0984,B0FH8BG7B7,11.99
MP0984,B0FHB4VVFC,11.99
MP0984,B0FHVPBH6M,18.99
MP0984,B0FM3KRGGX,8.99
MP0984,B0FMRLHHMS,9.87
MP0984,B0FP988GN9,19.99
MP0984,B0FSD8XYDN,16.99
MP0984,B0FXB2H5QZ,21.99
MP0991,B01KA3OGAQ,19.99
MP0991,B01M0ISVTQ,14.10
MP0991,B01M0ISVTQ,14.10
MP0991,B07DW34K11,19.66
MP0991,B07PTY6B4C,9.99
MP0991,B07S8Z3YBC,21.99
MP0991,B08293NKQ8,16.99
MP0991,B083FFSCMT,37.99
MP0991,B089PTZTH3,23.19
MP0991,B092QMZ33L,39.59
MP0991,B092QMZ33L,39.59
MP0991,B09991YHBY,25.79
MP0991,B09FY5CDYW,29.98
MP0991,B09H2G8R5D,18.99
MP0991,B09H2G8R5D,18.99
MP0991,B09HC9RPCX,32.99
MP0991,B09KBPB5JF,21.03
MP0991,B09KYF2QYQ,21.24
MP0991,B09KZWRN4D,55.99
MP0991,B09TQSQL6T,39.99
MP0991,B0B6FYKC3S,37.52
MP0991,B0B6FYKC3S,37.52
MP0991,B0B6FYKC3S,37.52
MP0991,B0B6FYKC3S,37.52
MP0991,B0B6FYKC3S,37.52
MP0991,B0BD813FRP,30.98
MP0991,B0BDWGBFQQ,35.99
MP0991,B0BLKC4P76,21.98
MP0991,B0BLKC4P76,21.98
MP0991,B0BNLPVJY9,39.99
MP0991,B0BSD8XNNB,30.09
MP0991,B0BTKFPX65,71.61
MP0991,B0BXQT9FV8,39.95
MP0991,B0BXQT9FV8,39.95
MP0991,B0C1GKB8TT,49.99
MP0991,B0C1J3SCRT,65.32
MP0991,B0C618VTZN,20.00
MP0991,B0C6FJPX4W,19.98
MP0991,B0C6FJPX4W,19.98
MP0991,B0C6KQBMLL,29.85
MP0991,B0C6MGB6Y8,27.98
MP0991,B0C85BJ5MQ,23.99
MP0991,B0C85BJ5MQ,23.99
MP0991,B0C89G3R1S,37.99
MP0991,B0C9D1HC82,39.99
MP0991,B0CBR95JDT,29.99
MP0991,B0CCJMWYTZ,21.95
MP0991,B0CCJMWYTZ,21.95
MP0991,B0CCRY6RJW,36.99
MP0991,B0CCRY6RJW,36.99
MP0991,B0CCRY6RJW,36.99
MP0991,B0CCRY6RJW,36.99
MP0991,B0CCRY6RJW,36.99
MP0991,B0CCRY6RJW,36.99
MP0991,B0CCRY6RJW,36.99
MP0991,B0CFHDR424,31.58
MP0991,B0CFHKW1TD,49.99
MP0991,B0CFQDLJT2,50.79
MP0991,B0CJFWBMF9,52.99
MP0991,B0CN2BYTC5,23.99
MP0991,B0CP3WPTZB,36.99
MP0991,B0CPJB13V4,29.99
MP0991,B0CR9MRYGP,19.99
MP0991,B0CRXL1TS1,23.99
MP0991,B0CXMXGVGQ,16.99
MP0991,B0CXMXGVGQ,16.99
MP0991,B0CXMXGVGQ,16.99
MP0991,B0CXP7P6ZM,25.99
MP0991,B0CHWCBDGV,36.99
MP0991,B0D17NMZ2J,37.99
MP0991,B0D3TCQ385,15.99
MP0991,B0D3TCQ385,15.99
MP0991,B0D3TCQ385,15.99
MP0991,B0D3TCQ385,15.99
MP0991,B0D3TCQ385,15.99
MP0991,B0DBQPVBGL,35.99
MP0991,B0DD75WXP9,60.98
MP0991,B0DDSH7NWN,19.99
MP0991,B0DF7L6LZ6,51.46
MP0991,B0DJ9G42ZX,65.32
MP0991,B0DJM9XYYW,35.99
MP0991,B0DK1DNNPW,49.99
MP0991,B0DKN9TVNT,36.99
MP0991,B0DPKX8Q73,31.66
MP0991,B0DTHQN4FJ,17.95
MP0991,B0DTHQN4FJ,17.95
MP0991,B0DTHQN4FJ,17.95
MP0991,B0DTHQN4FJ,17.95
MP0991,B0DTHQN4FJ,17.95
MP0991,B0DVLY1Z4H,47.50
MP0991,B0DVLY1Z4H,47.50
MP0991,B0DVLY1Z4H,47.50
MP0991,B0DVLY1Z4H,47.50
MP0991,B0DVLY1Z4H,47.50
MP0991,B0DWK9ZBD1,23.96
MP0991,B0DY7YY33C,28.80
MP0991,B0DZP1Z8HV,10.92
MP0991,B0F2MKLN77,89.59
MP0991,B0F6SJRQ1Q,41.99
MP0991,B0F6T2TS5C,55.19
MP0991,B0F8Z7RGB9,47.99
MP0991,B0F9F251YG,16.80
MP0991,B0F9F251YG,16.80
MP0991,B0FB3VDKJD,48.93
MP0991,B0FB3VDKJD,48.93
MP0991,B0FCG13V7M,36.89
MP0991,B0FDFJMY6V,24.21
MP0991,B0FH6VN1LR,21.99
MP0991,B0FL6MFQY3,43.99
MP0991,B0FRZVXHZF,30.99
MP0993,B07B6N9BGZ,24.99
MP0993,B07ZFCK7L8,30.99
MP0993,B081QK9J5V,24.95
MP0993,B08MQ87B2S,26.99
MP0993,B08XH5S2N1,29.99
MP0993,B08YK398Y5,27.97
MP0993,B08YK398Y5,27.97
MP0993,B0963XHLWK,25.49
MP0993,B0967G4PQ6,21.44
MP0993,B0967G4PQ6,21.44
MP0993,B098388DPP,15.99
MP0993,B09CKBR81T,32.99
MP0993,B09CKBR81T,32.99
MP0993,B09CKBR81T,32.99
MP0993,B09F9NVLF8,23.99
MP0993,B09FY5CDYW,29.98
MP0993,B09H6FV27W,26.99
MP0993,B09H6FV27W,26.99
MP0993,B09TH6684J,29.26
MP0993,B09TH6684J,29.26
MP0993,B09TH6684J,29.26
MP0993,B09TH6684J,29.26
MP0993,B09TQK3CFS,28.99
MP0993,B09VMDZ2CC,18.10
MP0993,B09WVX2CZJ,14.99
MP0993,B09ZXT64WG,16.99
MP0993,B0BDFB9J6S,35.14
MP0993,B0BFKK575T,30.99
MP0993,B0BL28LSDR,23.58
MP0993,B0BNLPVJY9,39.99
MP0993,B0BTCM843P,35.99
MP0993,B0BZJ2NTZP,28.99
MP0993,B0BZJ2NTZP,28.99
MP0993,B0BZJ2NTZP,28.99
MP0993,B0C16Z7M4G,33.40
MP0993,B0C2YLHZS8,32.99
MP0993,B0CLP6ZJ7L,28.99
MP0993,B0CLRSG3JQ,35.99
MP0993,B0CN2S35DQ,31.99
MP0993,B0CN356RT9,20.11
MP0993,B0CNCT88LG,27.92
MP0993,B0CNK8DVD4,34.76
MP0993,B0CYGW59PH,49.99
MP0993,B0D1KRF9V5,36.99
MP0993,B0D2L1NDL2,17.99
MP0993,B0D33M6471,38.99
MP0993,B0D7C6CVT6,18.85
MP0993,B0D83JK72H,26.99
MP0993,B0D96DJJQB,56.99
MP0993,B0D9FRDP9F,36.23
MP0993,B0D9FRDP9F,36.23
MP0993,B0D9GSBTYJ,22.34
MP0993,B0D9QK19HZ,37.59
MP0993,B0D9Y6RQT4,32.99
MP0993,B0DBQJJZZV,20.20
MP0993,B0DFLZMC9M,19.54
MP0993,B0DH8HQ6YN,27.72
MP0993,B0DHKHBFFJ,20.39
MP0993,B0DJMBQR75,49.99
MP0993,B0DJS5MBH4,53.98
MP0993,B0DJS6BM4Z,47.98
MP0993,B0DJS6BM4Z,47.98
MP0993,B0DJS6BM4Z,47.98
MP0993,B0DJS6BM4Z,47.98
MP0993,B0DJS6BM4Z,47.98
MP0993,B0DK3BWK49,35.99
MP0993,B0DKFLQVM1,36.99
MP0993,B0DKMWRD32,36.99
MP0993,B0DKN9NXM4,36.99
MP0993,B0DKX9LP8K,23.39
MP0993,B0DLKXX5W7,39.99
MP0993,B0DQB9NLKS,28.49
MP0993,B0DVLMQZTT,45.99
MP0993,B0DVLY1Z4H,47.50
MP0993,B0DVLY1Z4H,47.50
MP0993,B0DVLY1Z4H,47.50
MP0993,B0DVLY1Z4H,47.50
MP0993,B0DY7VCPVM,28.99
MP0993,B0DZNYPSC7,18.51
MP0993,B0DZSZVZLV,19.11
MP0993,B0DZSZVZLV,19.11
MP0993,B0DZSZVZLV,19.11
MP0993,B0DZSZVZLV,19.11
MP0993,B0DZVRBKMF,28.32
MP0993,B0F47G9KPV,30.99
MP0993,B0F47G9KPV,30.99
MP0993,B0F47G9KPV,30.99
MP0993,B0F4KBCYFZ,34.99
MP0993,B0F4KBCYFZ,34.99
MP0993,B0F4KBCYFZ,34.99
MP0993,B0F4KBCYFZ,34.99
MP0993,B0F5HBS989,46.99
MP0993,B0F5WKWV8K,40.47
MP0993,B0F6CKXNY2,54.99
MP0993,B0F7R57V7W,25.99
MP0993,B0F8BSRTZR,43.99
MP0993,B0FGCW1PWR,20.39
MP0993,B0FHQ5TZJC,24.74
MP0993,B0FK4HSGSF,69.99
MP0993,B0FM3Y4Z9T,19.32
MP0993,B0FP49VVL5,27.89
MP0993,B0FX9YC5ZG,15.00
MP0993,B0FX9YC5ZG,15.00
MP0993,B0FX9YC5ZG,15.00
MP0993,B0FX9YC5ZG,15.00
MP0993,B0FX9YC5ZG,15.00
MP0993,B0FX9YC5ZG,15.00
MP0993,B0FX9YC5ZG,15.00
MP0993,B0FX9YC5ZG,15.00
MP0993,B0FX9YC5ZG,15.00
MP0993,B0FX9YC5ZG,15.00
MP0993,B0FX9YC5ZG,15.00
MP0993,B0FX9YC5ZG,15.00
MP0993,B0FX9YC5ZG,15.00
MP0993,B0FX9YC5ZG,15.00
MP0993,B0FX9YC5ZG,15.00
MP0993,B0FX9YC5ZG,15.00
MP0993,B0FX9YC5ZG,15.00
MP0993,B0FX9YC5ZG,15.00
MP0993,B0FX9YC5ZG,15.00
MP0993,B0FXWLCKZJ,33.14
MP0997,B077D1V7SJ,19.99
MP0997,B077D1V7SJ,19.99
MP0997,B077D1V7SJ,19.99
MP0997,B077D1V7SJ,19.99
MP0997,B077D1V7SJ,19.99
MP0997,B077D36CBV,16.99
MP0997,B077D36MPP,23.99
MP0997,B077D36MPP,23.99
MP0997,B077D36MPP,23.99
MP0997,B077D36MPP,23.99
MP0997,B077D36MPP,23.99
MP0997,B077D36MPP,23.99
MP0997,B077D36MPP,23.99
MP0997,B077D36MPP,23.99
MP0997,B077D36MPP,23.99
MP0997,B077D36MPP,23.99
MP0997,B077FF7PZF,32.99
MP0997,B078Q1ZG4N,23.99
MP0997,B07HY3S811,3.79
MP0997,B07QNP5NSH,28.49
MP0997,B07QNP5NSH,28.49
MP0997,B07QNP76XP,33.24
MP0997,B08Q39DJ59,20.39
MP0997,B093PHTM2N,27.99
MP0997,B09JFP9NGN,22.99
MP0997,B09JFP9NGN,22.99
MP0997,B09NVFMRM3,34.99
MP0997,B09NVFMRM3,34.99
MP0997,B09YGNF4CQ,37.18
MP0997,B09YGSHX8P,43.60
MP0997,B09YGSHX8P,43.60
MP0997,B09YRMHFBT,31.99
MP0997,B09YRMHFBT,31.99
MP0997,B09Z66SCS8,19.99
MP0997,B09Z66SCS8,19.99
MP0997,B0BFW2HW48,41.33
MP0997,B0BG4P7D42,16.99
MP0997,B0BG4P7D42,16.99
MP0997,B0BG4P7D42,16.99
MP0997,B0BG4P7D42,16.99
MP0997,B0BG4P7D42,16.99
MP0997,B0BG4P7D42,16.99
MP0997,B0BG4P7D42,16.99
MP0997,B0BQYND6YV,8.99
MP0997,B0BTP7TZ42,43.99
MP0997,B0BTYHFFQ6,20.99
MP0997,B0BTYJ3442,23.99
MP0997,B0BTYJNL75,20.99
MP0997,B0BWN9RH6V,12.63
MP0997,B0BYZ7PWHN,23.99
MP0997,B0BYZ7PWHN,23.99
MP0997,B0BYZ7PWHN,23.99
MP0997,B0C338RZ6M,43.64
MP0997,B0C84MDVDK,26.99
MP0997,B0C84MDVDK,26.99
MP0997,B0CGCY15S7,30.99
MP0997,B0CGCY15S7,30.99
MP0997,B0CGCY15S7,30.99
MP0997,B0CMQ9TL7S,30.99
MP0997,B0CMQ9TL7S,30.99
MP0997,B0CTTJH73K,24.99
MP0997,B0CW3K8WRG,22.31
MP0997,B0CW3K8WRG,22.31
MP0997,B0CW99N2DZ,53.65
MP0997,B0CW99N2DZ,53.65
MP0997,B0CW99N2DZ,53.65
MP0997,B0CW99N2DZ,53.65
MP0997,B0CW99N2DZ,53.65
MP0997,B0CYLCVBY8,39.99
MP0997,B0CYLKJSLY,39.99
MP0997,B0CZ68F3P5,13.99
MP0997,B0CZ68F3P5,13.99
MP0997,B0D148V42R,39.99
MP0997,B0D148V42R,39.99
MP0997,B0D3QHF7YM,55.14
MP0997,B0D3QHF7YM,55.14
MP0997,B0D3QHF7YM,55.14
MP0997,B0D87Q5L5X,20.16
MP0997,B0D9W3SG8Q,13.79
MP0997,B0D9W4BVKP,13.19
MP0997,B0D9W5K9M4,15.99
MP0997,B0DRG7581Y,18.99
MP0997,B0DRG8R6ZQ,15.99
MP0997,B0DRG91SVF,9.99
MP0997,B0DRG9W711,15.99
MP0997,B0DT965B4Y,23.99
MP0997,B0DT965B4Y,23.99
MP0997,B0DT9DBCFZ,25.99
MP0997,B0DT9HYZ86,24.99
MP0997,B0F2MDNVGP,24.28
MP0997,B0F2Y2ZS7H,28.19
MP0997,B0F2Y6F3YK,22.29
MP0997,B0F6LNBZV8,16.15
MP0997,B0F6LNBZV8,16.15
MP0997,B0F6LNCWQM,17.29
MP0997,B0F6LSSTT7,11.08
MP0997,B0F6LSSTT7,11.08
MP0997,B0F6LSSTT7,11.08
MP0997,B0F6LWK6YW,11.08
MP0997,B0F6LWK6YW,11.08
MP0997,B0F6LYTC51,16.18
MP0997,B0F6LYTC51,16.18
MP0997,B0F6LYY8XB,17.29
MP0997,B0F6M1P75P,16.18
MP0997,B0F6M265C9,15.16
MP0997,B0F6M265C9,15.16
MP0997,B0F6M33JSV,14.14
MP0997,B0F6M4X9RF,11.08
MP0997,B0F6M4X9RF,11.08
MP0997,B0F6M4X9RF,11.08
MP0997,B0FM8S5BYF,18.67
MP0997,B0G2QQ43NY,16.80
MP0997,B0G7DCP9T3,11.90
MP0997,B0G7DCP9T3,11.90
MP0997,B0G7DCP9T3,11.90
MP0997,B0G7DCP9T3,11.90
MP0997,B0G7DCP9T3,11.90
MP0997,B0G7DCP9T3,11.90
MP0997,B0G7DCP9T3,11.90
MP1011,B01E85T57G,30.39
MP1011,B0734RXSTF,41.14
MP1011,B077TVQC8J,39.99
MP1011,B07HFGQC8B,39.99
MP1011,B07PRG27MX,9.49
MP1011,B07PRG27MX,9.49
MP1011,B07PRG27MX,9.49
MP1011,B07PRG27MX,9.49
MP1011,B07V4WWKY1,49.99
MP1011,B07V4WWKY1,49.99
MP1011,B07V4WWKY1,49.99
MP1011,B07ZHFN9L6,21.92
MP1011,B07ZNR69B5,25.99
MP1011,B083SN69WJ,29.99
MP1011,B085444SZ9,29.99
MP1011,B085T9SB4C,32.99
MP1011,B088LHZFZX,38.14
MP1011,B088R7VB3J,19.99
MP1011,B089324P22,40.36
MP1011,B08D3TDC8B,41.16
MP1011,B08DN9GFZ1,43.99
MP1011,B08M5LS6CB,22.99
MP1011,B08MJFV4X5,14.99
MP1011,B08MJFV4X5,14.99
MP1011,B08MJFV4X5,14.99
MP1011,B08MJFV4X5,14.99
MP1011,B08PP39PLD,28.49
MP1011,B091KQ32R2,10.44
MP1011,B092JQVRSZ,36.00
MP1011,B097HFRHXP,
MP1011,B097PMY4WG,14.40
MP1011,B09H29G2TY,25.99
MP1011,B09HHDFXBT,21.84
MP1011,B09JWH4QX1,26.99
MP1011,B09M4CXL7Q,21.97
MP1011,B09MVYLC81,45.11
MP1011,B09WVX2CZJ,14.99
MP1011,B09Z2SCJWY,29.99
MP1011,B0B25M71PD,42.99
MP1011,B0B5FXYLM8,53.58
MP1011,B0B7RK3MS4,23.51
MP1011,B0BHKPCF3T,129.19
MP1011,B0BJDH9NY9,30.95
MP1011,B0BL6BL1R2,34.70
MP1011,B0BLKC4P76,21.98
MP1011,B0BLKC4P76,21.98
MP1011,B0BLKC4P76,21.98
MP1011,B0BLKC4P76,21.98
MP1011,B0BLKC4P76,21.98
MP1011,B0BNLPVJY9,39.99
MP1011,B0BNLPVJY9,39.99
MP1011,B0BQZQBNTP,44.99
MP1011,B0BVDVQRRD,31.99
MP1011,B0C3M4XCJ4,32.48
MP1011,B0C5816FTY,22.98
MP1011,B0CCRMGGJS,26.99
MP1011,B0CFHKW1TD,49.99
MP1011,B0CJX6CTHC,23.65
MP1011,B0CKBSTV3H,24.99
MP1011,B0CLP6ZJ7L,28.99
MP1011,B0CND6J4R7,32.99
MP1011,B0CNVFTWSV,51.83
MP1011,B0CP1QYC3P,27.99
MP1011,B0CQ3R4KNS,37.99
MP1011,B0CQ74LP2M,23.99
MP1011,B0CQSZZZL1,16.99
MP1011,B0CQSZZZL1,16.99
MP1011,B0CS3WTGYS,21.98
MP1011,B0CXDXCXDL,15.12
MP1011,B0CYC2LCVQ,46.99
MP1011,B0CYLWJW4B,36.13
MP1011,B0CZCMM87J,36.99
MP1011,B0D2L1NDL2,17.99
MP1011,B0D3TCQ385,15.99
MP1011,B0D3TCQ385,15.99
MP1011,B0D3TCQ385,15.99
MP1011,B0D3TCQ385,15.99
MP1011,B0D3TCQ385,15.99
MP1011,B0D4TT4JWK,24.99
MP1011,B0D4YGKR4H,21.99
MP1011,B0D62L3JWX,42.99
MP1011,B0D62L3JWX,42.99
MP1011,B0D7MD8113,43.00
MP1011,B0D7MD8113,43.00
MP1011,B0D7PLK814,25.99
MP1011,B0D866QFSM,13.44
MP1011,B0D93JDDWX,76.69
MP1011,B0DB1ZRGLS,30.99
MP1011,B0DB5TBS4L,21.00
MP1011,B0DBZ81J4H,62.12
MP1011,B0DD7NV6JC,35.99
MP1011,B0DDPN8DZV,27.99
MP1011,B0DDPPLBTD,19.99
MP1011,B0DGGGK78M,22.14
MP1011,B0DHGL7KKG,16.14
MP1011,B0DHXJ69CK,65.00
MP1011,B0DJSTWPYP,13.21
MP1011,B0DKJ5R2V8,18.99
MP1011,B0DLVX74QQ,20.99
MP1011,B0DM97CLTJ,28.99
MP1011,B0DMGSX2BM,29.99
MP1011,B0DMNZYHNH,33.35
MP1011,B0DNT4FZV1,15.38
MP1011,B0DPKX8Q73,31.66
MP1011,B0DPMNGF33,10.08
MP1011,B0DQTLG8HR,23.19
MP1011,B0DQTP588V,32.99
MP1011,B0DR821DTV,65.99
MP1011,B0DR821DTV,65.99
MP1011,B0DRV79QD8,37.99
MP1011,B0DSJ6CBW3,
MP1011,B0DTHQN4FJ,17.95
MP1011,B0DTHQN4FJ,17.95
MP1011,B0DTHQN4FJ,17.95
MP1011,B0DVLJT6JR,46.99
MP1011,B0DWDDQVG4,21.45
MP1011,B0DY7VG1LV,26.99
MP1011,B0DZXBV28N,10.14
MP1011,B0F1CFSRSG,22.76
MP1011,B0F2J1ZVGT,52.99
MP1011,B0F439HQ2N,31.48
MP1011,B0F7KRLQRV,10.99
MP1011,B0F7KSGJC7,20.52
MP1011,B0F8MRZ5HP,15.98
MP1011,B0F9F2PX2S,24.99
MP1011,B0F9L43DZR,36.99
MP1011,B0F9L43DZR,36.99
MP1011,B0FB3VDKJD,48.93
MP1011,B0FCM5FQFD,19.90
MP1011,B0FG7PVCHZ,48.99
MP1011,B0FP2MVWZJ,21.16
MP1011,B0FPCBGQ6B,65.99
MP1011,B0FPQGFBW4,
MP1011,B0G7ZJVFSW,25.00
MP1026,B01E85T57G,30.39
MP1026,B0747L8QZW,23.65
MP1026,B0747L8QZW,23.65
MP1026,B078MYSV2B,28.99
MP1026,B07B6N9BGZ,24.99
MP1026,B07B6N9BGZ,24.99
MP1026,B07FP2JNCH,28.99
MP1026,B07FP2JNCH,28.99
MP1026,B07FP2JNCH,28.99
MP1026,B07MBX9CLQ,13.99
MP1026,B07MBX9CLQ,13.99
MP1026,B07NPKD6GM,20.57
MP1026,B07PM68J1Z,39.97
MP1026,B07PM68J1Z,39.97
MP1026,B07PM68J1Z,39.97
MP1026,B07PRG27MX,9.49
MP1026,B07PRG27MX,9.49
MP1026,B07PRG27MX,9.49
MP1026,B07PRG27MX,9.49
MP1026,B07PRG27MX,9.49
MP1026,B07PTY6B4C,9.99
MP1026,B07X2MB9TL,22.91
MP1026,B085G25TQB,29.99
MP1026,B088BN69HM,32.90
MP1026,B08TLMND7Q,19.99
MP1026,B08YK398Y5,27.97
MP1026,B08YK398Y5,27.97
MP1026,B092QMZ33L,39.59
MP1026,B092QMZ33L,39.59
MP1026,B09991YHBY,25.79
MP1026,B09H29G2TY,25.99
MP1026,B09HC9JZNT,29.99
MP1026,B09JKF3Z6N,29.97
MP1026,B09NLJ28L1,39.99
MP1026,B09WNC6J1Q,29.99
MP1026,B0B219P7Z6,17.89
MP1026,B0B3MXPCXQ,20.16
MP1026,B0B9WW5X99,46.24
MP1026,B0BCPHSYK8,39.99
MP1026,B0BHY7SLDF,38.24
MP1026,B0BJJKHVHC,25.99
MP1026,B0BN7WHVNB,29.99
MP1026,B0BP4F2DLP,39.97
MP1026,B0BP4F2DLP,39.97
MP1026,B0BP4F2DLP,39.97
MP1026,B0BTKFPX65,71.61
MP1026,B0BZSGWYPF,25.99
MP1026,B0BZSGWYPF,25.99
MP1026,B0BZSGWYPF,25.99
MP1026,B0C7VP3WDC,16.99
MP1026,B0C89G3R1S,37.99
MP1026,B0C8HY82G5,19.99
MP1026,B0C8MHGG5D,40.33
MP1026,B0CCHPYTTX,44.99
MP1026,B0CFPXLYGZ,32.39
MP1026,B0CJ4Q7TK2,34.99
MP1026,B0CL9NSN4K,39.99
MP1026,B0CLNJKC5C,42.99
MP1026,B0CLQXW5PL,32.99
MP1026,B0CLQXW5PL,32.99
MP1026,B0CM5BB4MM,28.79
MP1026,B0CNVFTWSV,51.83
MP1026,B0CNVFTWSV,51.83
MP1026,B0CP7ZW16V,10.69
MP1026,B0CRB4W9FZ,32.99
MP1026,B0CRKKGWRT,23.99
MP1026,B0CWK69RWH,23.99
MP1026,B0CXMYS89Q,26.99
MP1026,B0CXP1GLCK,19.99
MP1026,B0CXP1GLCK,19.99
MP1026,B0CXP7P6ZL,19.99
MP1026,B0CXP7P6ZL,19.99
MP1026,B0CXP7P6ZL,19.99
MP1026,B0CXP7P6ZL,19.99
MP1026,B0CXP7P6ZL,19.99
MP1026,B0CXP7P6ZL,19.99
MP1026,B0CXP7P6ZL,19.99
MP1026,B0CXPQ7TJP,25.99
MP1026,B0CXPQ7TJP,25.99
MP1026,B0CXPQ7TJP,25.99
MP1026,B0CXPQ7TJP,25.99
MP1026,B0CXPQ7TJP,25.99
MP1026,B0CXPQ7TJP,25.99
MP1026,B0CXPQ7TJP,25.99
MP1026,B0CZCD85CK,26.50
MP1026,B0CZCD85CK,26.50
MP1026,B0CZCD85CK,26.50
MP1026,B0CZCD85CK,26.50
MP1026,B0CHMC4HTJ,28.99
MP1026,B0D1KRF9V5,36.99
MP1026,B0D2Y5D9PL,31.99
MP1026,B0D3XD8LG8,34.89
MP1026,B0D4QW4PKQ,30.64
MP1026,B0D6VJB14N,69.99
MP1026,B0D7L1NTYR,38.45
MP1026,B0DGLFT312,39.99
MP1026,B0DJ775WCJ,47.49
MP1026,B0DM99JK33,24.99
MP1026,B0DPKX8Q73,31.66
MP1026,B0DPKX8Q73,31.66
MP1026,B0DPKX8Q73,31.66
MP1026,B0DPKX8Q73,31.66
MP1026,B0DRSGVPZ2,34.99
MP1026,B0DRWBKCDL,31.99
MP1026,B0DRWC5T1W,31.99
MP1026,B0DS25ZVFK,35.99
MP1026,B0DS25ZVFK,35.99
MP1026,B0DS59YWYW,53.99
MP1026,B0DTHQN4FJ,17.95
MP1026,B0DTHQN4FJ,17.95
MP1026,B0DTHQN4FJ,17.95
MP1026,B0DX1TF158,25.99
MP1026,B0DY7VCPVM,28.99
MP1026,B0DZ655N82,35.99
MP1026,B0DZ655N82,35.99
MP1026,B0DZVQ5XGG,45.99
MP1026,B0DZVSZ2SM,39.99
MP1026,B0F5BFPBK4,45.99
MP1026,B0F7X6T767,23.99
MP1026,B0F7X6T767,23.99
MP1026,B0F7X6T767,23.99
MP1026,B0F7X6T767,23.99
MP1026,B0F7X6T767,23.99
MP1026,B0F8Q3T9VK,18.95
MP1026,B0F8Q3T9VK,18.95
MP1026,B0F8Q3T9VK,18.95
MP1026,B0F8Q6QNJ4,17.15
MP1026,B0F8Q6QNJ4,17.15
MP1026,B0F9YC2DF4,23.94
MP1026,B0F9YC2DF4,23.94
MP1026,B0FCFSNV7R,36.95
MP1026,B0FH6VN1LR,21.99
MP1026,B0FH6VN1LR,21.99
MP1026,B0FH6VN1LR,21.99
MP1026,B0FPR8SPYP,39.99
MP1026,B0FYMZNBPM,47.99
MP1041,B00BHC6O5U,47.99
MP1041,B00FGKH6CO,41.43
MP1041,B07G7X5FLT,25.99
MP1041,B07MBX9CLQ,13.99
MP1041,B07ZRJZVHN,19.99
MP1041,B0811JR9F9,17.69
MP1041,B0811JR9F9,17.69
MP1041,B0811JR9F9,17.69
MP1041,B085STDS1G,23.99
MP1041,B085STDS1G,23.99
MP1041,B087P885TV,23.99
MP1041,B087P885TV,23.99
MP1041,B087P885TV,23.99
MP1041,B08CZ69MV5,23.99
MP1041,B08CZ69MV5,23.99
MP1041,B08MJFV4X5,14.99
MP1041,B08X6MX1GC,41.37
MP1041,B092VJJB3Y,26.58
MP1041,B09QFY35H1,30.44
MP1041,B09X2HFVQN,56.99
MP1041,B09XWMV12Z,39.80
MP1041,B0B2RDBLNT,19.99
MP1041,B0B2RDBLNT,19.99
MP1041,B0BHZTWSFM,11.99
MP1041,B0BPHSCYSS,17.64
MP1041,B0BZNQRPLP,47.19
MP1041,B0C85BJ5MQ,23.99
MP1041,B0C85BJ5MQ,23.99
MP1041,B0CFHDR424,31.58
MP1041,B0CFHKW1TD,49.99
MP1041,B0CFHKW1TD,49.99
MP1041,B0CGLSJL5V,26.10
MP1041,B0CJJKP3YL,31.50
MP1041,B0CJJKP3YL,31.50
MP1041,B0CNSRXTKZ,19.99
MP1041,B0CNSRXTKZ,19.99
MP1041,B0CNVFTWSV,51.83
MP1041,B0CNVFTWSV,51.83
MP1041,B0CQRDFDY6,29.99
MP1041,B0CVX7C2D6,22.83
MP1041,B0CX8PSD85,42.99
MP1041,B0CYH5TBSP,21.00
MP1041,B0D41NHZ7L,23.66
MP1041,B0D45NHNF8,65.00
MP1041,B0D4TT4JWK,24.99
MP1041,B0D6V64KPP,26.99
MP1041,B0D6V64KPP,26.99
MP1041,B0D83NLHS6,66.49
MP1041,B0DB5XPGGH,12.18
MP1041,B0DD7NP6PP,30.94
MP1041,B0DD7NP6PP,30.94
MP1041,B0DHPL7KB3,24.99
MP1041,B0DLZ4GZYK,59.99
MP1041,B0DPZLRYTV,30.99
MP1041,B0DRXF5N9Z,23.74
MP1041,B0DS59YWYW,53.99
MP1041,B0DTHQN4FJ,17.95
MP1041,B0DTHQN4FJ,17.95
MP1041,B0DTHQN4FJ,17.95
MP1041,B0DX5N4DFH,25.20
MP1041,B0DY7DBLSX,19.37
MP1041,B0DY7WL3TF,38.65
MP1041,B0DYCPN6BQ,27.53
MP1041,B0DYY6QWC3,18.93
MP1041,B0DZSZVZLV,19.11
MP1041,B0DZSZVZLV,19.11
MP1041,B0DZSZVZLV,19.11
MP1041,B0DZSZVZLV,19.11
MP1041,B0DZSZVZLV,19.11
MP1041,B0DZXKBYBP,25.20
MP1041,B0F18JWPXT,9.24
MP1041,B0F2MKB8BH,20.79
MP1041,B0F5BFPBK4,45.99
MP1041,B0F7KSSJHJ,3.38
MP1041,B0F8Q6B54J,16.98
MP1041,B0F8Q6B54J,16.98
MP1041,B0F8Q6B54J,16.98
MP1041,B0F8Q6QNJ4,17.15
MP1041,B0F8Q6QNJ4,17.15
MP1041,B0F8Q6QNJ4,17.15
MP1041,B0F8Q6QNJ4,17.15
MP1041,B0F8Q6QNJ4,17.15
MP1041,B0F8Q6QNJ4,17.15
MP1041,B0F8Z7RGB9,47.99
MP1041,B0F9YC2DF4,23.94
MP1041,B0FCFD5Y1G,14.35
MP1041,B0FCFD5Y1G,14.35
MP1041,B0FCFSNV7R,36.95
MP1041,B0FCFSNV7R,36.95
MP1041,B0FCFSNV7R,36.95
MP1041,B0FCFSNV7R,36.95
MP1041,B0FCFSNV7R,36.95
MP1041,B0FCFSNV7R,36.95
MP1041,B0FCFSNV7R,36.95
MP1041,B0FHP91QQ9,14.28
MP1041,B0FJ1FRVQP,20.13
MP1041,B0FJ1FRVQP,20.13
MP1041,B0FL18H979,28.58
MP1041,B0FP1FLK91,24.98
MP1041,B0FP1H5JJN,28.24
MP1041,B0G58N4FG5,49.99
MP1052,B07SXK5XMH,39.99
MP1052,B07WHHR4KV,25.00
MP1052,B07WHHR4KV,25.00
MP1052,B07ZRJZVHN,19.99
MP1052,B07ZRJZVHN,19.99
MP1052,B085M8W77R,37.99
MP1052,B085STDS1G,23.99
MP1052,B08C9SLXD2,29.99
MP1052,B08C9SLXD2,29.99
MP1052,B08C9SLXD2,29.99
MP1052,B08C9SLXD2,29.99
MP1052,B08C9SLXD2,29.99
MP1052,B08C9SLXD2,29.99
MP1052,B08C9SLXD2,29.99
MP1052,B08MF6GQBH,23.99
MP1052,B08MF6GQBH,23.99
MP1052,B08MJFV4X5,14.99
MP1052,B094VLYG3S,17.99
MP1052,B0963XHLWK,25.49
MP1052,B09HC8Q9QC,32.99
MP1052,B09N3495L3,30.99
MP1052,B09N3495L3,30.99
MP1052,B0B9WVNVRF,39.80
MP1052,B0BDFB9J6S,35.14
MP1052,B0BDFB9J6S,35.14
MP1052,B0BJ1JJVZZ,17.99
MP1052,B0BJ1JJVZZ,17.99
MP1052,B0BK974J6P,9.68
MP1052,B0BPZ1KLJQ,39.99
MP1052,B0C3GWR7RP,28.79
MP1052,B0C61CD2Y5,
MP1052,B0C6KQBMLL,29.85
MP1052,B0C6KQBMLL,29.85
MP1052,B0C6LKX66Z,22.98
MP1052,B0CF8PQ7SP,18.99
MP1052,B0CN2SCT9D,27.99
MP1052,B0CN2SCT9D,27.99
MP1052,B0CNVFTWSV,51.83
MP1052,B0CNVFTWSV,51.83
MP1052,B0CNVFTWSV,51.83
MP1052,B0CQQS8WHC,100.07
MP1052,B0CQRJQMJK,62.39
MP1052,B0CRB56RZ5,32.99
MP1052,B0CRB6T8DS,29.35
MP1052,B0CRPBQ11L,21.99
MP1052,B0CRPCLK8D,22.99
MP1052,B0CRPCLK8D,22.99
MP1052,B0CS6NLPVB,16.45
MP1052,B0CSSN5K5G,26.46
MP1052,B0CTZX8T23,8.39
MP1052,B0CTZX8T23,8.39
MP1052,B0CTZX8T23,8.39
MP1052,B0CWK69RWH,23.99
MP1052,B0CWNXNRGY,9.99
MP1052,B0CWNXNRGY,9.99
MP1052,B0CWRLG46D,55.99
MP1052,B0CWV3VWZ9,22.59
MP1052,B0CY1XFXCX,29.99
MP1052,B0CYGM75HL,49.99
MP1052,B0CYGM75HL,49.99
MP1052,B0CYGM75HL,49.99
MP1052,B0D2K698NH,41.99
MP1052,B0D2XZ5BVB,13.99
MP1052,B0D2Y7S7FT,48.99
MP1052,B0D41MTLSQ,23.66
MP1052,B0D4TT4JWK,24.99
MP1052,B0D9PVCJDT,
MP1052,B0D9Y6RRF6,32.99
MP1052,B0DB27K2HV,24.99
MP1052,B0DFYKDWKQ,
MP1052,B0DHC6MHVD,32.99
MP1052,B0DJ7C8BSF,21.99
MP1052,B0DL5JVPB6,35.99
MP1052,B0DL5JVPB6,35.99
MP1052,B0DQKZFYM4,59.99
MP1052,B0DQTKG78S,28.99
MP1052,B0DQTKG78S,28.99
MP1052,B0DY7VCPVM,28.99
MP1052,B0DY7YY33C,28.80
MP1052,B0DZNVH8RR,26.99
MP1052,B0F6SL5T5W,
MP1052,B0F6YJCY5W,28.48
MP1052,B0F8BSRTZR,43.99
MP1052,B0F8BSRTZR,43.99
MP1052,B0F8Q3T9VK,18.95
MP1052,B0F8Q3T9VK,18.95
MP1052,B0F8Q3T9VK,18.95
MP1052,B0F8Q3T9VK,18.95
MP1052,B0F8Q3T9VK,18.95
MP1052,B0F8Q3T9VK,18.95
MP1052,B0F8Q3T9VK,18.95
MP1052,B0F8Q3T9VK,18.95
MP1052,B0F8Q3T9VK,18.95
MP1052,B0F8Q3T9VK,18.95
MP1052,B0F8Q3T9VK,18.95
MP1052,B0F8Q3T9VK,18.95
MP1052,B0F8Q3T9VK,18.95
MP1052,B0F8Q3T9VK,18.95
MP1052,B0F8Q3T9VK,18.95
MP1052,B0F8Q3T9VK,18.95
MP1052,B0F8Q3T9VK,18.95
MP1052,B0F8Q3T9VK,18.95
MP1052,B0F8Q6QNJ4,17.15
MP1052,B0F8Q6QNJ4,17.15
MP1052,B0F8Q6QNJ4,17.15
MP1052,B0F8Q6QNJ4,17.15
MP1052,B0F8Q6QNJ4,17.15
MP1052,B0F9FB61KR,59.99
MP1052,B0F9YN6MN6,33.61
MP1052,B0F9YN6MN6,33.61
MP1052,B0FG7PVCHZ,48.99
MP1052,B0FJY4KD36,12.99
MP1052,B0FP49VVL5,27.89
MP1052,B0FP49VVL5,27.89
MP1052,B0FP49VVL5,27.89
MP1052,B0FP49VVL5,27.89
MP1052,B0FRZVXHZF,30.99
MP1052,B0FRZVXHZF,30.99
MP1052,B0FRZVXHZF,30.99
MP1052,B0FZVNJX38,22.99
MP1052,B0FZVNJX38,22.99
MP1052,B0FZVNJX38,22.99
MP1052,B0FZVNJX38,22.99
MP1052,B0FZVNJX38,22.99
MP1052,B0FZVWY1S5,27.99
MP1052,B0FZVWY1S5,27.99
